Tarih,Market,Kategori,Ürün Adı,Raf Fiyatı,Birim Fiyat (TL/Kg-L),Birim
2025-11-29,A101 Kapıda,Süt,"Birşah %3,1 Yağlı Süt 1 L",33.0,33.0,TL
2025-11-29,A101 Kapıda,Süt,Birşah Yağsız Süt 1 L,22.0,22.0,TL
2025-11-29,A101 Kapıda,Süt,Birşah Tam Yağlı Süt 1 L,40.0,40.0,TL
2025-11-29,A101 Kapıda,Süt,Birşah Laktozsuz Süt 1 L,45.5,45.5,TL
2025-11-29,A101 Kapıda,Süt,Sütaş Tam Yağlı Süt 1 L,49.5,49.5,TL
2025-11-29,A101 Kapıda,Süt,Sek Yarım Yağlı Süt 180 ml,10.0,55.56,TL
2025-11-29,A101 Kapıda,Süt,Pınar Çocuk Sütü 200 Ml,25.0,125.0,TL
2025-11-29,A101 Kapıda,Süt,Birşah Milkino Muzlu Süt 200 ml,11.75,58.75,TL
2025-11-29,A101 Kapıda,Süt,Birşah Milkino Çilekli Süt 200 ml,11.75,58.75,TL
2025-11-29,A101 Kapıda,Süt,Sek Çilekli Süt 180 ml,10.0,55.56,TL
2025-11-29,A101 Kapıda,Süt,Sek Kakaolu Süt 180 ml,10.0,55.56,TL
2025-11-29,A101 Kapıda,Süt,Sek Muzlu Süt 180 ml,11.5,63.89,TL
2025-11-29,A101 Kapıda,Süt,Pınar Süt 200 ml,20.0,100.0,TL
2025-11-29,A101 Kapıda,Süt,Birşah Süt 200 ml,10.75,53.75,TL
2025-11-29,A101 Kapıda,Süt,Danone Kakaolu Süt 180 ml,15.5,86.11,TL
2025-11-29,A101 Kapıda,Süt,Sütaş Laktozsuz Süt 200 ml,16.5,82.5,TL
2025-11-29,A101 Kapıda,Süt,Danone Çilekli Süt 180 ml,15.5,86.11,TL
2025-11-29,A101 Kapıda,Süt,Pınar Kido Muzlu Süt 180 ml,17.5,97.22,TL
2025-11-29,A101 Kapıda,Süt,Birşah Milkino Kakaolu Süt 200 ml,11.75,58.75,TL
2025-11-29,A101 Kapıda,Süt,Pınar Kido Kakaolu Süt 180 ml,17.5,97.22,TL
2025-11-29,A101 Kapıda,Süt,Pınar Kido Çilekli Süt 180 ml,17.5,97.22,TL
2025-11-29,A101 Kapıda,Süt,Pınar Kido Karamelli Süt 180 ml,8.5,47.22,TL
2025-11-29,A101 Kapıda,Süt,Sütaş Çikolatalı Süt 200 ml,14.5,72.5,TL
2025-11-29,A101 Kapıda,Süt,Sütaş Çilekli Süt 200 ml,14.5,72.5,TL
2025-11-29,A101 Kapıda,Süt,Sek Çikolatalı Pastörize Süt 200 ml,16.95,84.75,TL
2025-11-29,A101 Kapıda,Süt,Pınar Protein Kakaolu Laktozsuz Süt 500 ml,47.0,94.0,TL
2025-11-29,A101 Kapıda,Süt,Pınar Yarım Yağlı Süt 200 ml,18.0,90.0,TL
2025-11-29,A101 Kapıda,Süt,Torku Miniki Muzlu Süt 180 ml,11.5,63.89,TL
2025-11-29,A101 Kapıda,Süt,Danone Kakaolu Süt 9x180 ml,85.0,52.47,TL
2025-11-29,A101 Kapıda,Süt,Pınar Laktozsuz Süt 4x1 L,145.0,36.25,TL
2025-11-29,A101 Kapıda,Süt,İçim Yarım Yağlı Süt 200 ml,18.0,90.0,TL
2025-11-29,A101 Kapıda,Süt,Danone Laktozsuz Süt 1 L,47.5,47.5,TL
2025-11-29,A101 Kapıda,Süt,Torku Miniki Kakaolu Süt 180 ml,11.5,63.89,TL
2025-11-29,A101 Kapıda,Süt,Danone Kakaolu Süt 6x180 ml,55.0,50.93,TL
2025-11-29,A101 Kapıda,Süt,Birşah Milkino Kakaolu Süt 6x200 ml,57.5,47.92,TL
2025-11-29,A101 Kapıda,Süt,Birşah Pastörize Yağlı Süt 1 L,36.5,36.5,TL
2025-11-29,A101 Kapıda,Süt,Sek Protein Kakaolu Laktozsuz Süt 330 ml,49.5,150.0,TL
2025-11-29,A101 Kapıda,Süt,Pınar Yağlı Süt 1 L,59.95,59.95,TL
2025-11-29,A101 Kapıda,Süt,Pınar Yarım Yağlı Süt 500 ml,35.0,70.0,TL
2025-11-29,A101 Kapıda,Süt,Torku Miniki Çilekli Süt 180 ml,11.5,63.89,TL
2025-11-29,A101 Kapıda,Süt,İçim Proteinli Süt 1 L,49.0,49.0,TL
2025-11-29,A101 Kapıda,Süt,Sütaş Laktozsuz Süt 1 L,59.95,59.95,TL
2025-11-29,A101 Kapıda,Süt,Birşah Milkino Çilekli Süt 6x200 ml,57.5,47.92,TL
2025-11-29,A101 Kapıda,Süt,Sütaş Çikolatalı Süt 6x180 ml,65.0,60.19,TL
2025-11-29,A101 Kapıda,Süt,İçim Laktozsuz Süt 1 L,59.95,59.95,TL
2025-11-29,A101 Kapıda,Süt,Torku Yarım Yağlı Süt 200 ml,11.5,57.5,TL
2025-11-29,A101 Kapıda,Süt,Danone Çilekli Süt 6x180 ml,55.0,50.93,TL
2025-11-29,A101 Kapıda,Süt,Sek Laktozsuz Süt 1 L,39.5,39.5,TL
2025-11-29,A101 Kapıda,Süt,Torku Kavunlu Laktozsuz Süt 230 ml,29.5,128.26,TL
2025-11-29,A101 Kapıda,Süt,Sütaş Çilekli Süt 6x180 ml,65.0,60.19,TL
2025-11-29,A101 Kapıda,Süt,İçim Çikolatalı Pastörize Süt 1 L,59.0,59.0,TL
2025-11-29,A101 Kapıda,Süt,Sek Çikolatalı Pastörize Süt 1 L,49.5,49.5,TL
2025-11-29,A101 Kapıda,Süt,Pınar Yarım Yağlı Süt 1 L,49.95,49.95,TL
2025-11-29,A101 Kapıda,Süt,Pınar Organik Süt 1 L,49.5,49.5,TL
2025-11-29,A101 Kapıda,Süt,Birşah Yarım Yağlı Süt 1 L,27.75,27.75,TL
2025-11-29,A101 Kapıda,Süt,Torku Laktozsuz Süt 1 L,59.95,59.95,TL
2025-11-29,A101 Kapıda,Süt,Sütaş Yarım Yağlı Süt 4x1 L,129.0,32.25,TL
2025-11-29,A101 Kapıda,Süt,Pınar Protein Vanilya Aromalı Süt 500 ml,52.5,105.0,TL
2025-11-29,A101 Kapıda,Süt,Torku Yarım Yağlı Süt 1 L,49.95,49.95,TL
2025-11-29,A101 Kapıda,Süt,Torku Beyaz Çikolatalı Süt 230 ml,35.0,152.17,TL
2025-11-29,A101 Kapıda,Süt,"Sütaş %2,5 Yağlı Süt 6x180 ml",65.0,60.19,TL
2025-11-29,A101 Kapıda,Süt,Torku Banada Çikolatalı Süt 230 ml,35.0,152.17,TL
2025-11-29,A101 Kapıda,Süt,Milkten Milkino Çocuk Sütü 200 ml,13.9,69.5,TL
2025-11-29,A101 Kapıda,Süt,Birşah Süt %1 Yağlı 1 L,27.5,27.5,TL
2025-11-29,A101 Kapıda,Süt,"Torku %0,5 Yağlı Süt 4x1 L",185.0,46.25,TL
2025-11-29,A101 Kapıda,Süt,"Sütaş %2,5 Yağlı Süt 1 L",49.0,49.0,TL
2025-11-29,A101 Kapıda,Süt,"Torku %3,3 Yağlı Süt 1 L",49.5,49.5,TL
2025-11-29,A101 Kapıda,Süt,Pınar Çocuk Sütü 500 Ml,44.5,89.0,TL
2025-11-29,A101 Kapıda,Süt,Pınar Çocuk Devam Sütü 1 L,49.5,49.5,TL
2025-11-29,A101 Kapıda,Süt,Sek Çilekli Milkshake 330 ml,42.5,128.79,TL
2025-11-29,A101 Kapıda,Süt,Sütaş Salep 1 L,69.5,69.5,TL
2025-11-29,A101 Kapıda,Süt,Sütaş Latte Kahveli Sütlü İçecek 1 L,95.0,95.0,TL
2025-11-29,A101 Kapıda,Süt,Sek Salep 1 L,39.0,39.0,TL
2025-11-29,A101 Kapıda,Ayçiçek Yağı,Vera Ayçiçek Yağı 5 L,385.0,77.0,TL
2025-11-29,A101 Kapıda,Ayçiçek Yağı,Kent Boringer Ayçiçek Yağı 5 L,434.5,86.9,TL
2025-11-29,A101 Kapıda,Ayçiçek Yağı,Yudum Teneke Ayçiçek Yağı 10 L,769.0,76.9,TL
2025-11-29,A101 Kapıda,Ayçiçek Yağı,Yudum Ayçiçek Yağı 3 L,294.5,98.17,TL
2025-11-29,A101 Kapıda,Ayçiçek Yağı,Orkide Ayçiçek Yağı 5 L,429.5,85.9,TL
2025-11-29,A101 Kapıda,Ayçiçek Yağı,Biryağ Ayçiçek Yağı 2 L,185.0,92.5,TL
2025-11-29,A101 Kapıda,Ayçiçek Yağı,Komili Ayçiçek Yağı 5 L,494.5,98.9,TL
2025-11-29,A101 Kapıda,Ayçiçek Yağı,Komili Ayçiçek Yağı 2 L,289.95,144.97,TL
2025-11-29,A101 Kapıda,Ayçiçek Yağı,Vera Ayçiçek Yağı 2 L,189.0,94.5,TL
2025-11-29,A101 Kapıda,Ayçiçek Yağı,Vera Ayçiçek Yağı 1 L,97.5,97.5,TL
2025-11-29,A101 Kapıda,Ayçiçek Yağı,Bizim Ayçiçek Yağı 5 L,495.0,99.0,TL
2025-11-29,A101 Kapıda,Ayçiçek Yağı,Yudum Ayçiçek Yağı 1 L,99.5,99.5,TL
2025-11-29,A101 Kapıda,Ayçiçek Yağı,Yudum Ayçiçek Yağı 18 L,1699.0,94.39,TL
2025-11-29,A101 Kapıda,Ayçiçek Yağı,Sırma Ayçiçek Yağı 5 L,429.5,85.9,TL
2025-11-29,A101 Kapıda,Ayçiçek Yağı,Sırma Ayçiçek Yağı 2 L,185.0,92.5,TL
2025-11-29,A101 Kapıda,Ayçiçek Yağı,"Yudum Ayçiçek Yağı 1,25 L",195.0,7.8,TL
2025-11-29,A101 Kapıda,Ayçiçek Yağı,Kırlangıç Ayçiçek Yağı 2 L,185.0,92.5,TL
2025-11-29,A101 Kapıda,Ayçiçek Yağı,"Yudum Ayçiçek Yağı 4,5 L",449.5,89.9,TL
2025-11-29,A101 Kapıda,Ayçiçek Yağı,Orkide Ayçiçek Yağı 1 L,97.5,97.5,TL
2025-11-29,A101 Kapıda,Ayçiçek Yağı,"Orkide Ayçiçek Yağı 1,25 L",109.0,109.0,TL
2025-11-29,A101 Kapıda,Ayçiçek Yağı,"Safya Ayçiçek Yağı Pet 4,5 L",374.5,74.9,TL
2025-11-29,A101 Kapıda,Ayçiçek Yağı,Yudum Şef Gibi Ayçiçek Yağı 750 ml,119.0,158.67,TL
2025-11-29,A101 Kapıda,Ayçiçek Yağı,"Emek Ayçiçek Yağı 4,5 L",399.5,79.9,TL
2025-11-29,A101 Kapıda,Ayçiçek Yağı,Safya Mısırözü Yağı 5 L,289.0,57.8,TL
2025-11-29,A101 Kapıda,Ayçiçek Yağı,Sırma Mısırözü Yağı 2 L,159.95,79.97,TL
2025-11-29,A101 Kapıda,Ayçiçek Yağı,Orkide Kanola Yağı 5 L,359.5,71.9,TL
2025-11-29,A101 Kapıda,Ayçiçek Yağı,Zeo Riviera Zeytinyağı 2 L,475.0,237.5,TL
2025-11-29,A101 Kapıda,Ayçiçek Yağı,Zeo Riviera Zeytinyağı 1 L,175.0,175.0,TL
2025-11-29,A101 Kapıda,Ayçiçek Yağı,Verde Riviera Zeytinyağı 5 L,735.0,147.0,TL
2025-11-29,A101 Kapıda,Ayçiçek Yağı,Sırma Mısırözü Yağı Pet 4 L,279.0,69.75,TL
2025-11-29,A101 Kapıda,Ayçiçek Yağı,Orkide Mısır Özü Yağı 5 L,359.5,71.9,TL
2025-11-29,A101 Kapıda,Ayçiçek Yağı,Yudum Egemden Riviera Zeytinyağı 1 L,275.0,275.0,TL
2025-11-29,A101 Kapıda,Ayçiçek Yağı,Zeo Sızma Zeytinyağı 1 L,275.0,275.0,TL
2025-11-29,A101 Kapıda,Ayçiçek Yağı,Orkide Riviera Zeytinyağı 2 L,375.0,187.5,TL
2025-11-29,A101 Kapıda,Ayçiçek Yağı,Kırlangıç Riviera Zeytinyağı 1 L,189.5,189.5,TL
2025-11-29,A101 Kapıda,Ayçiçek Yağı,Burcu Erken Hasat Natürel Sızma Zeytin Yağı 500 Ml,164.5,329.0,TL
2025-11-29,A101 Kapıda,Ayçiçek Yağı,Yudum Egemden Natürel Sızma Zeytinyağı 2 L,449.0,224.5,TL
2025-11-29,A101 Kapıda,Ayçiçek Yağı,Yudum Egemden Sızma Zeytinyağı 1 L,365.0,365.0,TL
2025-11-29,A101 Kapıda,Ayçiçek Yağı,Yudum Egemden Sızma Zeytinyağı 3 L,579.0,193.0,TL
2025-11-29,A101 Kapıda,Ayçiçek Yağı,Yudum Şef Gibi Sızma Zeytinyağı 500 ml,179.0,358.0,TL
2025-11-29,A101 Kapıda,Ayçiçek Yağı,Orkide Natürel Sızma Zeytinyağı 3 L,599.0,199.67,TL
2025-11-29,A101 Kapıda,Ayçiçek Yağı,Kırlangıç Naturel Sızma Zeytinyağı 1 L,209.5,209.5,TL
2025-11-29,A101 Kapıda,Ayçiçek Yağı,Güven Asa Natürel Sızma Zeytinyağı 3 L,599.0,199.67,TL
2025-11-29,A101 Kapıda,Ayçiçek Yağı,Yudum Omega 3 Bitkisel Karışım Sıvı Yağ 3 L,269.5,89.83,TL
2025-11-29,A101 Kapıda,Yumurta,Yumurta M Boy 30'lu,169.0,5.63,TL
2025-11-29,A101 Kapıda,Yumurta,Yumurta L Boy 15'li,99.0,6.6,TL
2025-11-29,A101 Kapıda,Yumurta,Gezen Tavuk Yumurtası M Boy 10'lu,95.0,9.5,TL
2025-11-29,A101 Kapıda,Yumurta,Abalı Çiftliği Yumurta M Boy 30'lu 53-62 G,169.0,5.63,TL
2025-11-29,A101 Kapıda,Yumurta,Organik Yumurta M 10'lu 53-62 G,108.0,10.8,TL
2025-11-29,A101 Kapıda,Yumurta,Omega-3 Yumurta M 6'lı,47.5,7.92,TL
2025-11-29,A101 Kapıda,Yumurta,Abalı Çiftliği Yumurta XL Boy 20'li,179.0,8.95,TL
2025-11-29,A101 Kapıda,Yumurta,Keskinoğlu Yumurta XL Boy 20'li,179.0,8.95,TL
2025-11-29,A101 Kapıda,Yumurta,Güres Bıldırcın Yumurtası 12'li,49.5,4.12,TL
2025-11-29,A101 Kapıda,Yumurta,Türem Yumurta XL Boy 20'li,179.0,8.95,TL
2025-11-29,A101 Kapıda,Yumurta,Yumurta 20'li XL 73 G,179.0,8.95,TL
2025-11-29,A101 Kapıda,Yumurta,Abalı Çiftliği Yumurta L Boy 15'li,99.0,6.6,TL
2025-11-29,A101 Kapıda,Yumurta,Bilken Yumurta XL Boy 20'li,179.0,8.95,TL
2025-11-29,A101 Kapıda,Yumurta,Ercanlar Yumurta XL Boy 20'li,179.0,8.95,TL
2025-11-29,A101 Kapıda,Yumurta,Kiddy Sürpriz Yumurta Sütlü Çikolata 20 G,23.75,1187.5,TL
2025-11-29,A101 Kapıda,Yumurta,MNS XL Yumurta 20'li 73 G,179.0,8.95,TL
2025-11-29,A101 Kapıda,Yumurta,Ozmo Egg Çikolatalı Sürpriz Yumurta 20 G,31.5,1575.0,TL
2025-11-29,A101 Kapıda,Yumurta,Kumartaşlı Yumurta XL Boy 20'li,179.0,8.95,TL
2025-11-29,A101 Kapıda,Yumurta,Evrenkaya Yumurta 20'li 73 G,179.0,8.95,TL
2025-11-29,A101 Kapıda,Yumurta,Coşkun Yumurta XL Boy 20'li,179.0,8.95,TL
2025-11-29,A101 Kapıda,Yumurta,Yeniköy Çiftliği Yumurta XL Boy 20'li,179.0,8.95,TL
2025-11-29,A101 Kapıda,Yumurta,Riva Yumurta 20'li XL 73 G,179.0,8.95,TL
2025-11-29,A101 Kapıda,Yumurta,Kabbuk Yumurta XL 20'li 73 G,179.0,8.95,TL
2025-11-29,A101 Kapıda,Yumurta,Şişman Yumurta XL Boy 20'li 73 G,179.0,8.95,TL
2025-11-29,A101 Kapıda,Yumurta,Bıldır Bıldır Bıldırcın Yumurtası 12'li,49.5,4.12,TL
2025-11-29,A101 Kapıda,Yumurta,"Toy Nero Şeker Hediyeli Sürpriz Yumurta 15,2 G",49.5,24750.0,TL
2025-11-29,A101 Kapıda,Yumurta,Xroll Enjoy Kızlar İçin Sürpriz Yumurta Çikolata 20 G,20.5,1025.0,TL
2025-11-29,A101 Kapıda,Yumurta,Xroll Enjoy Erkekler İçin Sürpriz Yumurta Çikolata 20 G,20.5,1025.0,TL
2025-11-29,A101 Kapıda,Yumurta,Cosby Fun Pembe Yumurta Çikolata 20 G,18.5,925.0,TL
2025-11-29,A101 Kapıda,Yumurta,Cosby Fun Mavi Yumurta Çikolata 20 G,18.5,925.0,TL
2025-11-29,A101 Kapıda,Tavuk Eti,Aspiliç Dondurulmuş Piliç Bonfile 1 Kg,179.0,179.0,TL
2025-11-29,A101 Kapıda,Tavuk Eti,Gedik Tavuk Bonfile 750 G,171.75,229.0,TL
2025-11-29,A101 Kapıda,Tavuk Eti,Bupiliç Tavuk Baget 1 Kg,119.0,119.0,TL
2025-11-29,A101 Kapıda,Tavuk Eti,Besler Tavuk Baget 1 Kg,119.0,119.0,TL
2025-11-29,A101 Kapıda,Tavuk Eti,İmren Tavuk Baget 1 Kg,119.0,119.0,TL
2025-11-29,A101 Kapıda,Tavuk Eti,Gedik Tavuk Bonfile 725 G,166.03,229.01,TL
2025-11-29,A101 Kapıda,Tavuk Eti,İmren Tavuk Kalçalı But 1 Kg,69.5,69.5,TL
2025-11-29,A101 Kapıda,Tavuk Eti,Bakpiliç Tavuk Bonfile 600 G,137.4,229.0,TL
2025-11-29,A101 Kapıda,Tavuk Eti,İmren Tavuk Pirzola 1 Kg,149.0,149.0,TL
2025-11-29,A101 Kapıda,Tavuk Eti,Aspiliç Dondurulmuş Piliç Şinitzel 1 KG,119.5,119.5,TL
2025-11-29,A101 Kapıda,Tavuk Eti,Gedik Tavuk Baget 1200 G,142.8,119.0,TL
2025-11-29,A101 Kapıda,Tavuk Eti,Doyfarm Kalçalı Tavuk But 1 Kg,69.5,69.5,TL
2025-11-29,A101 Kapıda,Tavuk Eti,Gedik Burger Piliç 1 Kg,165.0,165.0,TL
2025-11-29,A101 Kapıda,Tavuk Eti,Bupiliç Tavuk Bonfile 600 G,137.4,229.0,TL
2025-11-29,A101 Kapıda,Tavuk Eti,Bupiliç Kalçalı Tavuk But 1 Kg,69.5,69.5,TL
2025-11-29,A101 Kapıda,Tavuk Eti,Hastavuk Tavuk Baget 1150 G,136.85,119.0,TL
2025-11-29,A101 Kapıda,Tavuk Eti,Hastavuk Tavuk Bonfile 700 G,160.3,229.0,TL
2025-11-29,A101 Kapıda,Tavuk Eti,Gedik Dondurulmuş Bütün Piliç 2 Kg,179.0,89.5,TL
2025-11-29,A101 Kapıda,Tavuk Eti,"Bupiliç Bütün Tavuk 1,3 Kg",141.7,47.23,TL
2025-11-29,A101 Kapıda,Tavuk Eti,Besler Tavuk Bonfile 500 G,114.5,229.0,TL
2025-11-29,A101 Kapıda,Tavuk Eti,Hastavuk Dondurulmuş Piliç Bonfile 1 Kg,179.0,179.0,TL
2025-11-29,A101 Kapıda,Tavuk Eti,Aspiliç Dondurulmuş Bütün Poşet Piliç 2 Kg,179.0,89.5,TL
2025-11-29,A101 Kapıda,Tavuk Eti,Bakpiliç Tavuk Ciğer 550 G,37.95,69.0,TL
2025-11-29,A101 Kapıda,Tavuk Eti,Gedik Tavuk Baget 725 G,86.28,119.01,TL
2025-11-29,A101 Kapıda,Tavuk Eti,Lezita Tavuk Baget 1150 G,136.85,119.0,TL
2025-11-29,A101 Kapıda,Tavuk Eti,Bonfes Dondurulmuş Piliç Döner 1 Kg,139.0,139.0,TL
2025-11-29,A101 Kapıda,Tavuk Eti,"Cp Bütün Poşet Piliç 2,7 Kg",157.95,22.56,TL
2025-11-29,A101 Kapıda,Tavuk Eti,Bakpiliç Kalçalı Tavuk But 825 G,57.34,69.5,TL
2025-11-29,A101 Kapıda,Tavuk Eti,Gedik Tavuk Kalçalı But 750 G,52.13,69.51,TL
2025-11-29,A101 Kapıda,Tavuk Eti,Hastavuk Bütün Tavuk 1600 G,174.4,109.0,TL
2025-11-29,A101 Kapıda,Tavuk Eti,Erpiliç Dondurulmuş Piliç Sarma 1 Kg,69.5,69.5,TL
2025-11-29,A101 Kapıda,Tavuk Eti,"Lezita Bütün Tavuk 1,5 Kg",163.5,32.7,TL
2025-11-29,A101 Kapıda,Tavuk Eti,Banvit Bütün Tavuk 1425 G,155.33,109.0,TL
2025-11-29,A101 Kapıda,Tavuk Eti,Lezita Tavuk Kalçalı But 1100 G,76.45,69.5,TL
2025-11-29,A101 Kapıda,Tavuk Eti,Hastavuk Dondurulmuş Tavuk Baget 1200 G,71.4,59.5,TL
2025-11-29,A101 Kapıda,Tavuk Eti,Keskinoğlu Tavuk Bonfile 675 G,154.58,229.01,TL
2025-11-29,A101 Kapıda,Tavuk Eti,Bakpiliç Tavuk Kanat 550 G,142.45,259.0,TL
2025-11-29,A101 Kapıda,Tavuk Eti,Gedik Tavuk Kanat 750 G,194.25,259.0,TL
2025-11-29,A101 Kapıda,Tavuk Eti,Lezita Tavuk Bonfile 650 G,148.85,229.0,TL
2025-11-29,A101 Kapıda,Tavuk Eti,Doyfarm Tavuk Bonfile 750 G,171.75,229.0,TL
2025-11-29,A101 Kapıda,Tavuk Eti,Hastavuk Tavuk Ciğer 700 G,48.3,69.0,TL
2025-11-29,A101 Kapıda,Tavuk Eti,Hastavuk Tavuk Kanat 550 G,142.45,259.0,TL
2025-11-29,A101 Kapıda,Tavuk Eti,Gedik Tavuk Taşlık 500 G,47.5,95.0,TL
2025-11-29,A101 Kapıda,Tavuk Eti,Gedik Kalçalı Tavuk But 725 G,50.39,69.5,TL
2025-11-29,A101 Kapıda,Tavuk Eti,Hastavuk Kalçalı Tavuk But 700 G,48.65,69.5,TL
2025-11-29,A101 Kapıda,Tavuk Eti,Bupiliç Tavuk Ciğer 700 G,48.3,69.0,TL
2025-11-29,A101 Kapıda,Tavuk Eti,Bakpiliç Tavuk Baget 850 G,101.15,119.0,TL
2025-11-29,A101 Kapıda,Tavuk Eti,Hastavuk Dondurulmuş Bütün Poşet Piliç 2 Kg,179.0,89.5,TL
2025-11-29,A101 Kapıda,Tavuk Eti,Gedik Bütün Tavuk Poşet 1800 G,171.0,95.0,TL
2025-11-29,A101 Kapıda,Tavuk Eti,Gedik Tavuk Pirzola 750 G,111.75,149.0,TL
2025-11-29,A101 Kapıda,Tavuk Eti,Bupiliç Parmak Bonfile Tavuk 650 G,129.35,199.0,TL
2025-11-29,A101 Kapıda,Tavuk Eti,Gedik Tavuk Kanat 725 G,187.78,259.01,TL
2025-11-29,A101 Kapıda,Tavuk Eti,İmren Tavuk Bonfile 850 G,194.65,229.0,TL
2025-11-29,A101 Kapıda,Tavuk Eti,Keskinoğlu Bütün Tavuk 1640 G,155.8,95.0,TL
2025-11-29,A101 Kapıda,Tavuk Eti,Lezita Tavuk Ciğer 650 G,44.85,69.0,TL
2025-11-29,A101 Kapıda,Tavuk Eti,Besler Tavuk Kanat 550 G,142.45,259.0,TL
2025-11-29,A101 Kapıda,Tavuk Eti,Gedik Tavuk Ciğer 500 G,34.5,69.0,TL
2025-11-29,A101 Kapıda,Tavuk Eti,Bupiliç Tavuk Kanat 500 G,129.5,259.0,TL
2025-11-29,A101 Kapıda,Tavuk Eti,Aspiliç Piliç Kebap 400 G,75.0,187.5,TL
2025-11-29,A101 Kapıda,Tavuk Eti,Bakpiliç Tavuk Pirzola 600 G,89.4,149.0,TL
2025-11-29,A101 Kapıda,Tavuk Eti,Besler Parmak Bonfile Tavuk 550 G,109.45,199.0,TL
2025-11-29,A101 Kapıda,Tavuk Eti,Lezita Dondurulmuş Fırınlık Tavuk 3300 G,295.35,89.5,TL
2025-11-29,A101 Kapıda,Tavuk Eti,Aspiliç Piliç Şinitzel 700 G,109.0,155.71,TL
2025-11-29,A101 Kapıda,Tavuk Eti,Besler Tavuk Kalçalı But 750 G,52.13,69.51,TL
2025-11-29,A101 Kapıda,Tavuk Eti,Aspiliç Dondurulmuş Kasap Piliç Köfte 1000 G,155.0,155.0,TL
2025-11-29,A101 Kapıda,Tavuk Eti,Gedik Dondurulmuş Bütün Piliç 1650 G,147.68,89.5,TL
2025-11-29,A101 Kapıda,Tavuk Eti,Bakpiliç Tavuk But İncik 600 G,89.4,149.0,TL
2025-11-29,A101 Kapıda,Tavuk Eti,Pınar Dondurulmuş Hindi Derili But 1 Kg,129.0,129.0,TL
2025-11-29,A101 Kapıda,Tavuk Eti,Lezita Tavuk Kanat 600 G,155.4,259.0,TL
2025-11-29,A101 Kapıda,Tavuk Eti,Keskinoğlu Tavuk Kanat Tabak 810 G,209.79,259.0,TL
2025-11-29,A101 Kapıda,Tavuk Eti,Lezita Dondurulmuş Piliç Kanat 1 Kg,169.0,169.0,TL
2025-11-29,A101 Kapıda,Tavuk Eti,Aspiliç Dondurulmuş Piliç Ciğer 650 G,32.18,49.51,TL
2025-11-29,A101 Kapıda,Tavuk Eti,Gedik Tavuk Pirzola 725 G,108.03,149.01,TL
2025-11-29,A101 Kapıda,Tavuk Eti,Bakpiliç Parmak Tavuk Bonfile Tabak 600 G,119.4,199.0,TL
2025-11-29,A101 Kapıda,Tavuk Eti,Keskinoğlu Bütün Tavuk 1350 G,147.15,109.0,TL
2025-11-29,A101 Kapıda,Tavuk Eti,Bupiliç Tavuk Pirzola 700 G,104.3,149.0,TL
2025-11-29,A101 Kapıda,Tavuk Eti,Pınar Dondurulmuş Bütün Poşetli Hindi 6 Kg,597.0,99.5,TL
2025-11-29,A101 Kapıda,Tavuk Eti,Aspiliç Dondurulmuş Piliç Lokum 500 G,109.5,219.0,TL
2025-11-29,A101 Kapıda,Tavuk Eti,Erpiliç Dondurulmuş Piliç Göynük Köfte 1 Kg,145.0,145.0,TL
2025-11-29,A101 Kapıda,Tavuk Eti,Bakpiliç Poşetli Bütün Tavuk 1800 G,171.0,95.0,TL
2025-11-29,A101 Kapıda,Tavuk Eti,Lezita Dondurulmuş Piliç Nugget 1 Kg,129.5,129.5,TL
2025-11-29,A101 Kapıda,Tavuk Eti,Aspiliç Dondurulmuş Piliç Nugget 1000 G,99.5,99.5,TL
2025-11-29,A101 Kapıda,Tavuk Eti,Hastavuk Tavuk Pirzola 600 G,89.4,149.0,TL
2025-11-29,A101 Kapıda,Tavuk Eti,Lezita Tavuk Pirzola 700 G,104.3,149.0,TL
2025-11-29,A101 Kapıda,Tavuk Eti,Banvit Tavuk Ciğer 650 G,44.85,69.0,TL
2025-11-29,A101 Kapıda,Tavuk Eti,Aspiliç Piliç Nugget 300 G,55.0,183.33,TL
2025-11-29,A101 Kapıda,Tavuk Eti,İmren Parmak Bonfile Tavuk 900 G,179.1,199.0,TL
2025-11-29,A101 Kapıda,Tavuk Eti,Lezita Dondurulmuş Piliç Bonfile 700 G,125.3,179.0,TL
2025-11-29,A101 Kapıda,Tavuk Eti,Lezita Dondurulmuş Piliç Baget 1200 G,71.4,59.5,TL
2025-11-29,A101 Kapıda,Tavuk Eti,"Bupiliç Poşetli Bütün Tavuk 1,7 Kg",161.5,23.07,TL
2025-11-29,A101 Kapıda,Tavuk Eti,Gedik Parmak Tavuk Bonfile Tabak 725 G,144.28,199.01,TL
2025-11-29,A101 Kapıda,Tavuk Eti,İmren Tavuk Kanat 500 G,129.5,259.0,TL
2025-11-29,A101 Kapıda,Tavuk Eti,Bonfes Piliç Döner 500 G,129.0,258.0,TL
2025-11-29,A101 Kapıda,Tavuk Eti,Hastavuk Poşetli Bütün Tavuk 1600 G,152.0,95.0,TL
2025-11-29,A101 Kapıda,Tavuk Eti,Erpiliç Dondurulmuş Piliç Döner 500 G,169.0,338.0,TL
2025-11-29,A101 Kapıda,Tavuk Eti,Keskinoğlu Tavuk Ciğer 550 G,37.95,69.0,TL
2025-11-29,A101 Kapıda,Tavuk Eti,Besler Tavuk But İncik 750 G,111.75,149.0,TL
2025-11-29,A101 Kapıda,Tavuk Eti,Keskinoğlu Kalçalı Tavuk But 650 G,45.18,69.51,TL
2025-11-29,A101 Kapıda,Tavuk Eti,Besler Poşetli Bütün Tavuk 1400 G,133.0,95.0,TL
2025-11-29,A101 Kapıda,Tavuk Eti,Gedik Dondurulmuş Piliç Döner 500 G,185.0,370.0,TL
2025-11-29,A101 Kapıda,Tavuk Eti,Bupiliç Tavuk But İncik 700 G,104.3,149.0,TL
2025-11-29,A101 Kapıda,Tavuk Eti,Lezita Tavuk But İncik 650 G,96.85,149.0,TL
2025-11-29,A101 Kapıda,Tavuk Eti,Keskinoğlu Tavuk Bonfile Tabak 870 G,199.23,229.0,TL
2025-11-29,A101 Kapıda,Tavuk Eti,Aspiliç Dondurulmuş Çıtır Piliç Burger 1000 G,165.0,165.0,TL
2025-11-29,A101 Kapıda,Tavuk Eti,Besler Tavuk Pirzola 500 G,74.5,149.0,TL
2025-11-29,A101 Kapıda,Tavuk Eti,Banvit Dondurulmuş Bütün Poşet Piliç 1900 G,173.85,91.5,TL
2025-11-29,A101 Kapıda,Tavuk Eti,İmren Tavuk Ciğer 600 G,41.4,69.0,TL
2025-11-29,A101 Kapıda,Tavuk Eti,Lezita Poşetli Bütün Tavuk 1600 G,152.0,95.0,TL
2025-11-29,A101 Kapıda,Tavuk Eti,Keskinoğlu Baget Tavuk Tabak 830 G,98.77,119.0,TL
2025-11-29,A101 Kapıda,Tavuk Eti,Bakpiliç Dondurulmuş Piliç Ciğer 500 G,24.75,49.5,TL
2025-11-29,A101 Kapıda,Tavuk Eti,Hastavuk Tavuk Katı Taşlık 700 G,66.5,95.0,TL
2025-11-29,A101 Kapıda,Tavuk Eti,Erpiliç Dondurulmuş Piliç Soslu Kanat 1 Kg,129.0,129.0,TL
2025-11-29,A101 Kapıda,Tavuk Eti,Hastavuk Dondurulmuş Piliç Döner 500 G,185.0,370.0,TL
2025-11-29,A101 Kapıda,Tavuk Eti,Keskinoğlu Dondurulmuş Piliç Bütün Poşet 2 Kg,199.0,99.5,TL
2025-11-29,A101 Kapıda,Tavuk Eti,Keskinoğlu Dondurulmuş Bütün Poşet Piliç 2 Kg,179.0,89.5,TL
2025-11-29,A101 Kapıda,Tavuk Eti,Lezita Dondurulmuş Piliç Döner 1000 G,249.0,249.0,TL
2025-11-29,A101 Kapıda,Tavuk Eti,Erpiliç Dondurulmuş Piliç Kasap Köfte 1000 G,155.0,155.0,TL
2025-11-29,A101 Kapıda,Tavuk Eti,Gedik Dondurulmuş Piliç Kroket 700 G,99.0,141.43,TL
2025-11-29,A101 Kapıda,Tavuk Eti,Keskinoğlu Parmak Tavuk Bonfile Tabak 980 G,195.02,199.0,TL
2025-11-29,A101 Kapıda,Tavuk Eti,Bupiliç Tavuk Katı Taşlık 700 G,66.5,95.0,TL
2025-11-29,A101 Kapıda,Tavuk Eti,Gedik Piliç Nugget 300 G,55.0,183.33,TL
2025-11-29,A101 Kapıda,Tavuk Eti,Aspiliç Dondurulmuş Piliç Çıtır Fileto 500 G,99.5,199.0,TL
2025-11-29,A101 Kapıda,Tavuk Eti,Lezita Dondurulmuş Poşetli Bütün Piliç 2750 G,251.63,91.5,TL
2025-11-29,A101 Kapıda,Tavuk Eti,Banvit Dondurulmuş Poşetli Bütün Piliç 2200 G,201.3,91.5,TL
2025-11-29,A101 Kapıda,Tavuk Eti,Gedik Piliç Döner 200 G,79.0,395.0,TL
2025-11-29,A101 Kapıda,Tavuk Eti,Lezita Dondurulmuş Bütün Poşet Piliç 1800 G,164.7,91.5,TL
2025-11-29,A101 Kapıda,Tavuk Eti,Lezita Piliç Kebap 400 G,75.0,187.5,TL
2025-11-29,A101 Kapıda,Tavuk Eti,Doyfarm Tavuk Pirzola 750 G,111.75,149.0,TL
2025-11-29,A101 Kapıda,Tavuk Eti,Banvit Dondurulmuş Piliç Çıtır Burger 1 Kg,165.0,165.0,TL
2025-11-29,A101 Kapıda,Tavuk Eti,"Aspiliç Dondurulmuş Piliç Izgara But 1,2 KG",190.8,95.4,TL
2025-11-29,A101 Kapıda,Tavuk Eti,Keskinoğlu Tavuk İncik But 600 G,89.4,149.0,TL
2025-11-29,A101 Kapıda,Tavuk Eti,Lezita Piliç Şinitzel 700 G,109.0,155.71,TL
2025-11-29,A101 Kapıda,Tavuk Eti,İmren Poşetli Bütün Tavuk 1750 G,166.25,95.0,TL
2025-11-29,A101 Kapıda,Tavuk Eti,Keskinoğlu Tavuk Kanat 650 G,168.35,259.0,TL
2025-11-29,A101 Kapıda,Tavuk Eti,Hastavuk Piliç Döner 200 G,72.5,362.5,TL
2025-11-29,A101 Kapıda,Tavuk Eti,Keskinoğlu Tavuk Baget 850 G,101.15,119.0,TL
2025-11-29,A101 Kapıda,Tavuk Eti,Erpiliç Dondurulmuş Poşet Bütün Piliç 2300 G,205.85,89.5,TL
2025-11-29,A101 Kapıda,Tavuk Eti,Bakpiliç Tavuk Katı Taşlık 450 G,42.75,95.0,TL
2025-11-29,A101 Kapıda,Tavuk Eti,Lezita Tavuk Katı Taşlık 900 G,85.5,95.0,TL
2025-11-29,A101 Kapıda,Tavuk Eti,Doyfarm Tavuk Baget 1250 G,148.75,119.0,TL
2025-11-29,A101 Kapıda,Tavuk Eti,Lezita Piliç Döner 200 G,79.0,395.0,TL
2025-11-29,A101 Kapıda,Tavuk Eti,Lezita Dondurulmuş Tavuk Pirzola 1350 G,80.33,59.5,TL
2025-11-29,A101 Kapıda,Tavuk Eti,Keskinoğlu Tavuk Kalçalı But Tabak 840 G,58.38,69.5,TL
2025-11-29,A101 Kapıda,Tavuk Eti,Keskinoğlu Tavuk But Izgara Tava 810 G,198.45,245.0,TL
2025-11-29,A101 Kapıda,Tavuk Eti,Doyfarm Tavuk Kanat 500 G,129.5,259.0,TL
2025-11-29,A101 Kapıda,Tavuk Eti,Banvit Piliç Kebap 400 G,75.0,187.5,TL
2025-11-29,A101 Kapıda,Tavuk Eti,Lezita Dondurulmuş Piliç Kroket 700 G,69.5,99.29,TL
2025-11-29,A101 Kapıda,Tavuk Eti,Doyfarm Tavuk Ciğer 500 G,34.5,69.0,TL
2025-11-29,A101 Kapıda,Tavuk Eti,Doyfarm Tavuk But İncik 600 G,89.4,149.0,TL
2025-11-29,A101 Kapıda,Tavuk Eti,Banvit Tavuk Katı Taşlık 650 G,61.75,95.0,TL
2025-11-29,A101 Kapıda,Tavuk Eti,Gedik Dondurulmuş Çıtır Piliç Burger 1020 G,165.0,161.76,TL
2025-11-29,A101 Kapıda,Tavuk Eti,Keskinoğlu Dondurulmuş Piliç Çıtır Bonfile 700 G,139.0,198.57,TL
2025-11-29,A101 Kapıda,Tavuk Eti,İmren Tavuk But İncik 650 G,96.85,149.0,TL
2025-11-29,A101 Kapıda,Tavuk Eti,Lezita Piliç Nugget 300 G,55.0,183.33,TL
2025-11-29,A101 Kapıda,Tavuk Eti,Gedik Izgara Tava Tavuk But 725 G,177.63,245.01,TL
2025-11-29,A101 Kapıda,Tavuk Eti,Dönerşah Dondurulmuş Piliç Döner 750 G,159.0,212.0,TL
2025-11-29,A101 Kapıda,Tavuk Eti,Lezita Dondurulmuş Piliç Kasap Köfte 1000 G,155.0,155.0,TL
2025-11-29,A101 Kapıda,Tavuk Eti,Keskinoğlu Tavuk Pirzola Tabak 800 G,119.2,149.0,TL
2025-11-29,A101 Kapıda,Tavuk Eti,Şenpiliç Dondurulmuş Piliç Ciğer 450 G,22.28,49.51,TL
2025-11-29,A101 Kapıda,Tavuk Eti,Gedik Tavuk Izgara Tavalık But 750 G,183.75,245.0,TL
2025-11-29,A101 Kapıda,Tavuk Eti,Banvit Piliç Şinitzel 700 G,109.0,155.71,TL
2025-11-29,A101 Kapıda,Tavuk Eti,Gedik Soslu Piliç Döner 500 G,129.0,258.0,TL
2025-11-29,A101 Kapıda,Tavuk Eti,Erpiliç Dondurulmuş Piliç Çıtır Fileto 700 G,170.0,242.86,TL
2025-11-29,A101 Kapıda,Tavuk Eti,Lezita Dondurulmuş Piliç Şinitzel 1080 G,89.5,82.87,TL
2025-11-29,A101 Kapıda,Tavuk Eti,Erpiliç Piliç Parmak Köfte 260 G,62.5,240.38,TL
2025-11-29,A101 Kapıda,Tavuk Eti,Keskinoğlu Tavuk Pirzola 650 G,96.85,149.0,TL
2025-11-29,A101 Kapıda,Tavuk Eti,Banvit Piliç Nugget 300 G,55.0,183.33,TL
2025-11-29,A101 Kapıda,Tavuk Eti,Bakpiliç Izgara Tavalık Tavuk But 600 G,147.0,245.0,TL
2025-11-29,A101 Kapıda,Tavuk Eti,Lezita Dondurulmuş Piliç Jumbo Fileto 700 G,139.0,198.57,TL
2025-11-29,A101 Kapıda,Tavuk Eti,İmren Tavuk Katı Taşlık 650 G,61.75,95.0,TL
2025-11-29,A101 Kapıda,Tavuk Eti,Lezita Dondurulmuş Piliç But Izgara 1250 G,198.75,159.0,TL
2025-11-29,A101 Kapıda,Tavuk Eti,Dönerşah Dondurulmuş Piliç Döner 500 G,185.0,370.0,TL
2025-11-29,A101 Kapıda,Tavuk Eti,Beşler Piliç Döner 500 G,129.0,258.0,TL
2025-11-29,A101 Kapıda,Tavuk Eti,Keskinoğlu Dondurulmuş Piliç Çıtır Filetom 700 G,99.5,142.14,TL
2025-11-29,A101 Kapıda,Tavuk Eti,Keskinoğlu Tavuk Katı Taşlık 600 G,57.0,95.0,TL
2025-11-29,A101 Kapıda,Tavuk Eti,Keskinoğlu Piliç Şinitzel 700 G,109.0,155.71,TL
2025-11-29,A101 Kapıda,Tavuk Eti,Doyfarm Poşetli Bütün Tavuk 1700 G,161.5,95.0,TL
2025-11-29,A101 Kapıda,Tavuk Eti,Besler Izgara Tavalık Tavuk But 500 G,122.5,245.0,TL
2025-11-29,A101 Kapıda,Tavuk Eti,Keskinoğlu Dondurulmuş Piliç Şinitzel 1000 G,79.0,79.0,TL
2025-11-29,A101 Kapıda,Tavuk Eti,Hastavuk Izgara Tavalık Tavuk But 650 G,159.25,245.0,TL
2025-11-29,A101 Kapıda,Tavuk Eti,Keskinoğlu Piliç Kebap 400 G,75.0,187.5,TL
2025-11-29,A101 Kapıda,Tavuk Eti,Lezita Dondurulmuş Piliç Çıtır Burger 990 G,165.0,166.67,TL
2025-11-29,A101 Kapıda,Tavuk Eti,Keskinoğlu Piliç Döner 200 G,79.0,395.0,TL
2025-11-29,A101 Kapıda,Tavuk Eti,Gedik Piliç Acılı Kebap 400 G,75.0,187.5,TL
2025-11-29,A101 Kapıda,Tavuk Eti,Doyfarm Tavuk Katı Taşlık 500 G,47.5,95.0,TL
2025-11-29,A101 Kapıda,Tavuk Eti,Keskinoğlu Dondurulmuş Piliç Kroket 700 G,69.5,99.29,TL
2025-11-29,A101 Kapıda,Tavuk Eti,Bupiliç Izgara Tavalık Tavuk But 600 G,147.0,245.0,TL
2025-11-29,A101 Kapıda,Tavuk Eti,Keskinoğlu Izgara Tavalık Tavuk But 600 G,147.0,245.0,TL
2025-11-29,A101 Kapıda,Tavuk Eti,Keskinoğlu Dondurulmuş Çıtır Piliç Burger 1000 G,165.0,165.0,TL
2025-11-29,A101 Kapıda,Tavuk Eti,Keskinoğlu Piliç Nugget 300 G,55.0,183.33,TL
2025-11-29,A101 Kapıda,Tavuk Eti,Keskinoğlu Dondurulmuş Piliç Çıtır Kova 850 G,199.0,234.12,TL
2025-11-29,A101 Kapıda,Tavuk Eti,Doyfarm Izgara Tavalık Tavuk But 750 G,183.75,245.0,TL
2025-11-29,A101 Kapıda,Tavuk Eti,Lezita Izgara Tavalık Tavuk But 620 G,151.9,245.0,TL
2025-11-29,A101 Kapıda,Tavuk Eti,İmren Izgara Tavalık Tavuk But 600 G,147.0,245.0,TL
2025-11-29,A101 Kapıda,Tavuk Eti,Doyfarm Piliç Döner 200 G,79.0,395.0,TL
2025-11-29,A101 Kapıda,Tavuk Eti,Pamukkale Dondurulmuş Kanat Piliç 1250 G,49.38,39.5,TL
2025-11-29,A101 Kapıda,Tavuk Eti,Lezita Izgara Dilimli Piliç Fileto 120 G,45.0,375.0,TL
2025-11-29,A101 Kapıda,Dana Eti,Ettat Dana Döner 250 G,165.0,660.0,TL
2025-11-29,A101 Kapıda,Dana Eti,Bonfilet Dondurulmuş Dana Döner 200 G,135.0,675.0,TL
2025-11-29,A101 Kapıda,Dana Eti,Keskinoğlu Dondurulmuş Piliç Kasap Köfte 1 Kg,155.0,155.0,TL
2025-11-29,A101 Kapıda,Dana Eti,Bonfilet Dondurulmuş Dana Sulu Köfte 400 G,135.0,337.5,TL
2025-11-29,A101 Kapıda,Dana Eti,Gedik Dondurulmuş Kasap Piliç Köfte 1000 G,155.0,155.0,TL
2025-11-29,A101 Kapıda,Dana Eti,Kombinet Dondurulmuş Dana Kasap Köfte 450 G,252.5,561.11,TL
2025-11-29,A101 Kapıda,Dana Eti,Kombinet Dondurulmuş Dana İnegöl Köfte 450 G,252.5,561.11,TL
2025-11-29,A101 Kapıda,Dana Eti,Torku Dana Kavurma 1 KG,549.0,549.0,TL
2025-11-29,A101 Kapıda,Dana Eti,Kombinet Dondurulmuş Dana Kuzu İnegöl Köfte 450 G,252.5,561.11,TL
2025-11-29,A101 Kapıda,Dana Eti,Ramiz Dondurulmuş Dana Köfte 500 G,349.0,698.0,TL
2025-11-29,A101 Kapıda,Dana Eti,Kombinet Dana Kuşbaşı 400 G,219.0,547.5,TL
2025-11-29,A101 Kapıda,Dana Eti,Kombinet Dondurulmuş Dana Kaşarlı Köfte 450 G,252.5,561.11,TL
2025-11-29,A101 Kapıda,Dana Eti,Beşler Dondurulmuş Dana Döner 250 G,182.5,730.0,TL
2025-11-29,A101 Kapıda,Dana Eti,Akçasaray Dondurulmuş Dana Akçaabat Köfte 500 G,275.0,550.0,TL
2025-11-29,A101 Kapıda,Dana Eti,Maret Dondurulmuş Dana Döner 250 G,182.5,730.0,TL
2025-11-29,A101 Kapıda,Dana Eti,Kombinet Dondurulmuş Dana Hamburger Köfte 225 G,135.0,600.0,TL
2025-11-29,A101 Kapıda,Dana Eti,Kombinet Dondurulmuş Dana Kuzu Kaşarlı Köfte 450 G,252.5,561.11,TL
2025-11-29,A101 Kapıda,Dana Eti,Beşler Dondurulmuş Dana İnegöl Köfte 500 G,134.0,268.0,TL
2025-11-29,A101 Kapıda,Dana Eti,Kombinet Dana Kıyma 400 G,209.0,522.5,TL
2025-11-29,A101 Kapıda,Dana Eti,Torku Dondurulmuş Dana & Kuzu Cızbız Köfte 390 G,229.0,587.18,TL
2025-11-29,A101 Kapıda,Dana Eti,Baştacı Dana Döner 250 G,160.0,640.0,TL
2025-11-29,A101 Kapıda,Dana Eti,Cemil Usta Dondurulmuş Dana Akçaabat Köfte 500 G,299.0,598.0,TL
2025-11-29,A101 Kapıda,Dana Eti,Beşler Dana Yağsız Kuşbaşı 400 G,225.0,562.5,TL
2025-11-29,A101 Kapıda,Dana Eti,Beşler Dana Izgara Köfte 400 G,199.0,497.5,TL
2025-11-29,A101 Kapıda,Dana Eti,Pınar İllaki Dondurulmuş Dana Misket Köfte 390 G,229.0,587.18,TL
2025-11-29,A101 Kapıda,Dana Eti,Beşler Dana Kıyma %15 Yağlı 400 G,215.0,537.5,TL
2025-11-29,A101 Kapıda,Dana Eti,Maret Dondurulmuş Soslu Dana Parmak Köfte 250 G,69.5,278.0,TL
2025-11-29,A101 Kapıda,Dana Eti,Bonfilet Dondurulmuş Dana Steak Burger 400 G,169.0,422.5,TL
2025-11-29,A101 Kapıda,Dana Eti,Maret Dana Soslu Parmak Köfte 250 G,49.5,198.0,TL
2025-11-29,A101 Kapıda,Dana Eti,Akşeker Dondurulmuş Dilimli Kuzu Kokoreç 200 G,189.0,945.0,TL
2025-11-29,A101 Kapıda,Dana Eti,Şampiyon Dondurulmuş Dilimli Kuzu Kokoreç 200 G,189.0,945.0,TL
2025-11-29,A101 Kapıda,Balık,Lazsom Somon Füme 55 G,65.0,1181.82,TL
2025-11-29,A101 Kapıda,Balık,Erba Sea Food Dondurulmuş Uskumru 500 G,59.5,119.0,TL
2025-11-29,A101 Kapıda,Balık,Erba Dondurulmuş Dilimli Somon 500 G,95.0,190.0,TL
2025-11-29,A101 Kapıda,Balık,Erba Dondurulmuş Ringa Fileto 500 G,55.0,110.0,TL
2025-11-29,A101 Kapıda,Balık,Balık Dünyası Dondurulmuş Somon Dilim 440 G,99.5,226.14,TL
2025-11-29,A101 Kapıda,Balık,Balık Dünyası Dondurulmuş Uskumru 500 G,59.5,119.0,TL
2025-11-29,A101 Kapıda,Balık,Dardanel Dondurulmuş Uskumru Fileto 500 G,59.5,119.0,TL
2025-11-29,A101 Kapıda,Balık,Balık Dünyası Dondurulmuş Temizlenmiş Levrek 800 G,149.0,186.25,TL
2025-11-29,A101 Kapıda,Balık,Balık Dünyası Dondurulmuş Temizlenmiş Hamsi 500 G,79.5,159.0,TL
2025-11-29,A101 Kapıda,Balık,Superfresh Ton Balığı 3x75 G + Konserve Mısır 200 G Hediyeli,159.0,706.67,TL
2025-11-29,A101 Kapıda,Bebek Bezi,Sleepy Natural Midi Çocuk Bezi 30'lu 4-9 kg,85.0,9.44,TL
2025-11-29,A101 Kapıda,Bebek Bezi,Sleepy Natural Junior Çocuk Bezi 20'li 11-18 kg,85.0,85.0,TL
2025-11-29,A101 Kapıda,Bebek Bezi,Sleepy Yenidoğan Çocuk Bezi 42'li 2-5 kg,85.0,17.0,TL
2025-11-29,A101 Kapıda,Bebek Bezi,Molfix Maxi Çocuk Bezi 62'li,299.0,299.0,TL
2025-11-29,A101 Kapıda,Bebek Bezi,Sleepy Natural X Large Çocuk Bezi 17'li 15-25 kg,85.0,85.0,TL
2025-11-29,A101 Kapıda,Bebek Bezi,Soffio Midi Çocuk Bezi 50'li,161.0,161.0,TL
2025-11-29,A101 Kapıda,Bebek Bezi,Sleepy Natural Maxi Çocuk Bezi 27'li 7-14 kg,85.0,6.07,TL
2025-11-29,A101 Kapıda,Bebek Bezi,Soffio Junior Çocuk Bezi 32'li,161.0,161.0,TL
2025-11-29,A101 Kapıda,Bebek Bezi,Soffio Yenidoğan Çocuk Bezi 40'lı 2-5 kg,85.0,17.0,TL
2025-11-29,A101 Kapıda,Bebek Bezi,Baby Turco Maxi Bebek Bezi 120 Adet,329.0,329.0,TL
2025-11-29,A101 Kapıda,Bebek Bezi,Soffio Maxi Çocuk Bezi 44'lü,161.0,161.0,TL
2025-11-29,A101 Kapıda,Bebek Bezi,Soffio XL Çocuk Bezi 30'lu,161.0,161.0,TL
2025-11-29,A101 Kapıda,Bebek Bezi,Molfix Junior Çocuk Bezi 48'li,299.0,299.0,TL
2025-11-29,A101 Kapıda,Bebek Bezi,Molfix Extra Large Çocuk Bezi 38'li,299.0,299.0,TL
2025-11-29,A101 Kapıda,Bebek Bezi,Soffio Maxi Çocuk Bezi 9'lu 8-18 Kg,29.5,29.5,TL
2025-11-29,A101 Kapıda,Bebek Bezi,Sleepy Extra Maxi Çocuk Bezi 100'lü,279.0,279.0,TL
2025-11-29,A101 Kapıda,Bebek Bezi,Sleepy Natural XXL Çocuk Bezi 14'lü 20-30 kg,85.0,85.0,TL
2025-11-29,A101 Kapıda,Bebek Bezi,Soffio Extra Large Çocuk Bezi 7'li 16+ Kg,29.5,29.5,TL
2025-11-29,A101 Kapıda,Bebek Bezi,Soffio Mini Çocuk Bezi 60'lı,161.0,161.0,TL
2025-11-29,A101 Kapıda,Bebek Bezi,Sleepy Extra XL Çocuk Bezi 62'li,279.0,279.0,TL
2025-11-29,A101 Kapıda,Bebek Bezi,Sleepy Natural X Large Çocuk Bezi 40'lı,189.0,189.0,TL
2025-11-29,A101 Kapıda,Bebek Bezi,Sleepy Maxi Çocuk Bezi 52'li,175.0,175.0,TL
2025-11-29,A101 Kapıda,Bebek Bezi,Sleepy Extra Junior Çocuk Bezi 78'li,279.0,279.0,TL
2025-11-29,A101 Kapıda,Bebek Bezi,Baby Turco Junior Bebek Bezi 92 Adet,329.0,329.0,TL
2025-11-29,A101 Kapıda,Bebek Bezi,Baby Turco XX Large Bebek Bezi 62 Adet,329.0,329.0,TL
2025-11-29,A101 Kapıda,Bebek Bezi,Sleepy Junior Çocuk Bezi 40'lı,175.0,175.0,TL
2025-11-29,A101 Kapıda,Bebek Bezi,Baby Turco Ekstra Large Bebek Çocuk Bezi 72 Adet,329.0,329.0,TL
2025-11-29,A101 Kapıda,Bebek Bezi,Sleepy XL Çocuk Bezi 32'li,175.0,175.0,TL
2025-11-29,A101 Kapıda,Bebek Bezi,Sleepy Natural Maxi Çocuk Bezi 60'lı,189.0,189.0,TL
2025-11-29,A101 Kapıda,Bebek Bezi,Sleepy Natural Junior Çocuk Bezi 48'li,189.0,189.0,TL
2025-11-29,A101 Kapıda,Bebek Bezi,Soffio Junior Çocuk Bezi 8'Li 12-25 Kg,29.5,29.5,TL
2025-11-29,A101 Kapıda,Bebek Bezi,Molfix Çocuk Bezi No:5 Junior 78 Adet,329.0,329.0,TL
2025-11-29,A101 Kapıda,Bebek Bezi,Molfix Çocuk Bezi No:4 Maxi 100 Adet,329.0,329.0,TL
2025-11-29,A101 Kapıda,Bebek Bezi,Molfix Çocuk Bezi No:6 Ekstra Large 62 Adet,329.0,329.0,TL
2025-11-29,A101 Kapıda,Bebek Bezi,Evy Baby Bebek Bakım Örtüsü 10'lu 60x60,69.0,69.0,TL
2025-11-29,A101 Kapıda,Bebek Bezi,Sleepy Extra XXL Çocuk Bezi 48'li,279.0,279.0,TL
2025-11-29,A101 Kapıda,Bebek Bezi,Soffio Pure Touch Maxi Çocuk Bezi 90 Adet 8-18 Kg,279.0,15.5,TL
2025-11-29,A101 Kapıda,Bebek Bezi,Soffio Pure Touch Junior Çocuk Bezi 70 Adet 12-25 Kg,279.0,11.16,TL
2025-11-29,A101 Kapıda,Bebek Bezi,Soffio Pure Touch Ekstra Large Çocuk Bezi 60 Adet 16+ Kg,279.0,279.0,TL
2025-11-29,A101 Kapıda,Bebek Bezi,Sleepy Natural XX Large Çocuk Bezi 32'li,189.0,189.0,TL
2025-11-29,A101 Kapıda,Bebek Bezi,Chicco Bebek Şampuanı 500 ml,149.0,298.0,TL
2025-11-29,A101 Kapıda,Bakliyat,Yöremce Yeşil Mercimek 1 Kg,59.5,59.5,TL
2025-11-29,A101 Kapıda,Bakliyat,Yöremce Dermason Fasulye 1000 G,67.5,67.5,TL
2025-11-29,A101 Kapıda,Bakliyat,Tat Dermason Fasulye 1 Kg,74.5,74.5,TL
2025-11-29,A101 Kapıda,Bakliyat,Tat Koçbaşı Nohut 1 Kg,74.5,74.5,TL
2025-11-29,A101 Kapıda,Bakliyat,Yöremce Aşurelik Buğday 1000 G,29.5,29.5,TL
2025-11-29,A101 Kapıda,Bakliyat,Yöremce Koçbaşı Nohut 1000 G,57.5,57.5,TL
2025-11-29,A101 Kapıda,Bakliyat,Yöremce Toptane Kırmızı Mercimek 1000 G,44.5,44.5,TL
2025-11-29,A101 Kapıda,Bakliyat,Yöremce Beyaz Nohut 1 Kg,87.5,87.5,TL
2025-11-29,A101 Kapıda,Bakliyat,Tat Kırmızı Mercimek 1 Kg,49.5,49.5,TL
2025-11-29,A101 Kapıda,Bakliyat,Yöremce Yerli Kırmızı Mercimek 1000 G,69.5,69.5,TL
2025-11-29,A101 Kapıda,Bakliyat,Yöremce İri Kuru Fasulye 1 Kg,77.5,77.5,TL
2025-11-29,A101 Kapıda,Bakliyat,Tat Aşurelik Buğday 1000 G,32.5,32.5,TL
2025-11-29,A101 Kapıda,Bakliyat,"Yöremce Yaprak Kırmızı Mercimek 2,5 Kg",124.5,24.9,TL
2025-11-29,A101 Kapıda,Bakliyat,Yöremce Mısır 500 G,18.5,37.0,TL
2025-11-29,A101 Kapıda,Bakliyat,Tat Midyat Bulgur 1 Kg,37.5,37.5,TL
2025-11-29,A101 Kapıda,Bakliyat,Tat Cin Mısır 1 Kg,42.5,42.5,TL
2025-11-29,A101 Kapıda,Bakliyat,Yöremce Pilavlık Bulgur 1000 G,27.5,27.5,TL
2025-11-29,A101 Kapıda,Bakliyat,Tat Seferkitel Bulgur 1 Kg,37.5,37.5,TL
2025-11-29,A101 Kapıda,Bakliyat,Hasata Kırşehir Koçbaşı Nohut 1000 G,69.5,69.5,TL
2025-11-29,A101 Kapıda,Bakliyat,Tat Pilavlık Bulgur 1 Kg,37.5,37.5,TL
2025-11-29,A101 Kapıda,Bakliyat,Yöremce Köftelik Bulgur 1000 G,27.5,27.5,TL
2025-11-29,A101 Kapıda,Bakliyat,Naturfoods Kinoa 150 G,59.5,396.67,TL
2025-11-29,A101 Kapıda,Bakliyat,Yöremce İri Pilavlık Bulgur 2500 G,74.5,29.8,TL
2025-11-29,A101 Kapıda,Bakliyat,Armada Anadolu Koçbaşı Nohut 1000 G,39.0,39.0,TL
2025-11-29,A101 Kapıda,Bakliyat,Tat Yeşil Mercimek Köy Tipi 1 Kg,54.5,54.5,TL
2025-11-29,A101 Kapıda,Bakliyat,Armada Anadolu Fasulye 1000 G,47.5,47.5,TL
2025-11-29,A101 Kapıda,Bakliyat,Hasata Derinkuyu Dermason Kuru Fasulye 1000 G,79.5,79.5,TL
2025-11-29,A101 Kapıda,Bakliyat,Naturfoods Chia Tohumu 140 G,59.5,425.0,TL
2025-11-29,A101 Kapıda,Bakliyat,Tat Köftelik Bulgur 1 Kg,37.5,37.5,TL
2025-11-29,A101 Kapıda,Bakliyat,Yöremce Esmer Köftelik Bulgur 1000 G,28.5,28.5,TL
2025-11-29,A101 Kapıda,Bakliyat,Yayla Gurme Maş Fasulyesi 500 G,39.5,79.0,TL
2025-11-29,A101 Kapıda,Bakliyat,Tat Cin Mısır 500 G,24.5,49.0,TL
2025-11-29,A101 Kapıda,Bakliyat,Yöremce Tam Tane Pilavlık Bulgur 1000 G,26.5,26.5,TL
2025-11-29,A101 Kapıda,Bakliyat,Doyum Midyat Pilavlık Bulgur 1000 G,29.5,29.5,TL
2025-11-29,A101 Kapıda,Bakliyat,Hasata Kadim Karabuğday 500 G,59.5,119.0,TL
2025-11-29,A101 Kapıda,Bakliyat,Tat Uzun Tane Pirinç 1000 G,59.9,59.9,TL
2025-11-29,A101 Kapıda,Bakliyat,Duru Pilavlık Bulgur 1 Kg,44.5,44.5,TL
2025-11-29,A101 Kapıda,Bakliyat,Hasata Basmati Pirinç 1000 G,84.5,84.5,TL
2025-11-29,A101 Kapıda,Bakliyat,Naturfoods Keten Tohumu 140 G,49.5,353.57,TL
2025-11-29,A101 Kapıda,Bakliyat,Hasata Başaktane Pilavlık Bulgur 1 Kg,29.5,29.5,TL
2025-11-29,A101 Kapıda,Bakliyat,Doyum Şehriyeli Pilavlık Bulgur 1000 G,29.5,29.5,TL
2025-11-29,A101 Kapıda,Bakliyat,Hasata Basmati Pirinç 2 Kg,275.0,137.5,TL
2025-11-29,A101 Kapıda,Bakliyat,Tat Organik Mısır Cin 500 G,37.5,75.0,TL
2025-11-29,A101 Kapıda,Bakliyat,Hasata Baldo Pirinç 1000 G,124.0,124.0,TL
2025-11-29,A101 Kapıda,Bakliyat,Ovadan Basmati Pirinç 1000 G,72.5,72.5,TL
2025-11-29,A101 Kapıda,Bakliyat,Yayla Basmati Pirinç 1000 G,85.0,85.0,TL
2025-11-29,A101 Kapıda,Bakliyat,Doyum Trakya Pilavlık Pirinç 5 Kg,250.0,50.0,TL
2025-11-29,A101 Kapıda,Bakliyat,Hasata Yerli Pilavlık Pirinç 1000 G,79.9,79.9,TL
2025-11-29,A101 Kapıda,Bakliyat,Hasata Köy Sofrası Pilavlık Bulgur 1000 G,39.5,39.5,TL
2025-11-29,A101 Kapıda,Bakliyat,Çiftçi İthal Pilavlık Pirinç 2 Kg,79.5,39.75,TL
2025-11-29,A101 Kapıda,Bakliyat,Hasata Köy Sofrası Pilavlık Bulgur 1 Kg,29.5,29.5,TL
2025-11-29,A101 Kapıda,Bakliyat,Yayla Basmati Pirinç 2 Kg,139.0,69.5,TL
2025-11-29,A101 Kapıda,Bakliyat,Hasata Kadim Börülce 500 G,59.5,119.0,TL
2025-11-29,A101 Kapıda,Bakliyat,Duru Köftelik Bulgur 1 Kg,44.5,44.5,TL
2025-11-29,A101 Kapıda,Bakliyat,Ovadan Kırık Pirinç 1000 G,32.5,32.5,TL
2025-11-29,A101 Kapıda,Bakliyat,Doyum Pilavlık Bulgur 2000 G,49.5,24.75,TL
2025-11-29,A101 Kapıda,Bakliyat,Ovadan Osmancık Pirinç 1 Kg,69.5,69.5,TL
2025-11-29,A101 Kapıda,Bakliyat,Ovadan Yerli Pilavlık Pirinç 1000 G,64.5,64.5,TL
2025-11-29,A101 Kapıda,Bakliyat,Yayla Baldo Pirinç 2 KG,144.5,72.25,TL
2025-11-29,A101 Kapıda,Bakliyat,Ovadan Baldo Pirinç 1 Kg,89.5,89.5,TL
2025-11-29,A101 Kapıda,Bakliyat,Öncü Gönen Baldo Pirinç 1000 G,65.0,65.0,TL
2025-11-29,A101 Kapıda,Bakliyat,Ovadan Yasemin Pirinç 1000 G,62.5,62.5,TL
2025-11-29,A101 Kapıda,Bakliyat,Üstad Gönen Baldo Pirinç 1 Kg,99.5,99.5,TL
2025-11-29,A101 Kapıda,Bakliyat,Ovadan Yerli Pilavlık Pirinç 2500 G,147.5,59.0,TL
2025-11-29,A101 Kapıda,Bakliyat,Yayla Uzun Tane Pilavlık Pirinç 2 Kg,99.5,49.75,TL
2025-11-29,A101 Kapıda,Bakliyat,Doyum Tam Tane Pilavlık Bulgur 1000 G,29.5,29.5,TL
2025-11-29,A101 Kapıda,Bakliyat,Hasata Kadim Chia Tohumu 250 G,59.5,238.0,TL
2025-11-29,A101 Kapıda,Bakliyat,Akasya İthal Pilavlık Pirinç 5 Kg,189.0,37.8,TL
2025-11-29,A101 Kapıda,Bakliyat,Ovadan Yerli Trakya Pilavlık Pirinç 2500 G,124.5,49.8,TL
2025-11-29,A101 Kapıda,Bakliyat,Yayla Baldo Pirinç 5000 G,275.0,55.0,TL
2025-11-29,A101 Kapıda,Bakliyat,Ovadan İthal Pilavlık Pirinç 1000 G,47.5,47.5,TL
2025-11-29,A101 Kapıda,Bakliyat,Torku Çatalhöyük Pilavlık Bulgur 1000 G,25.0,25.0,TL
2025-11-29,A101 Kapıda,Bakliyat,Yayla Gurme Chia Tohumu 250 G,64.5,258.0,TL
2025-11-29,A101 Kapıda,Bakliyat,Köy Sofrası İthal Pilavlık Pirinç 5000 G,149.0,29.8,TL
2025-11-29,A101 Kapıda,Bakliyat,Ovadan Osmancık Pirinç 5000 G,229.0,45.8,TL
2025-11-29,A101 Kapıda,Bakliyat,Yayla Tane Tane Pirinç 2 Kg,199.5,99.75,TL
2025-11-29,A101 Kapıda,Bakliyat,Ovadan İthal Pilavlık Pirinç 2500 G,109.0,43.6,TL
2025-11-29,A101 Kapıda,Bakliyat,Hasata Gönen Baldo Pirinç 2 Kg,309.5,154.75,TL
2025-11-29,A101 Kapıda,Bakliyat,"Ovadan Basmati Pirinç 2,5 KG",159.5,31.9,TL
2025-11-29,A101 Kapıda,Bakliyat,Doyum Organik Patlatmalık Mısır 500 G,34.5,69.0,TL
2025-11-29,A101 Kapıda,Bakliyat,Hasata Esmer Çiğ köftelik Bulgur 1 Kg,29.5,29.5,TL
2025-11-29,A101 Kapıda,Bakliyat,Torku Çatalhöyük Köftelik Bulgur 1000 G,25.0,25.0,TL
2025-11-29,A101 Kapıda,Bakliyat,Yayla Gurme Keten Tohumu 500 G,37.5,75.0,TL
2025-11-29,A101 Kapıda,Bakliyat,Hasata Kadim Keten Tohumu 250 G,24.5,98.0,TL
2025-11-29,A101 Kapıda,Bakliyat,"Öncü Gönen Baldo Pirinç 2,5 Kg",249.5,49.9,TL
2025-11-29,A101 Kapıda,Bakliyat,"Yayla Trakya Baldo Pirinç 2,5 Kg",179.5,35.9,TL
2025-11-29,A101 Kapıda,Bakliyat,"Ovadan Osmancık Pirinç 2,5 Kg",159.5,31.9,TL
2025-11-29,A101 Kapıda,Bakliyat,Yayla İthal Pilavlık Pirinç 2000 G,69.5,34.75,TL
2025-11-29,A101 Kapıda,Bakliyat,"Ovadan Baldo Pirinç 2,5 Kg",184.5,36.9,TL
2025-11-29,A101 Kapıda,Bakliyat,"Torku Çatalhöyük Pilavlık Bulgur 2,5 Kg",74.5,14.9,TL
2025-11-29,A101 Kapıda,Bakliyat,Yayla Gurme Beyaz Kinoa 250 G,45.0,180.0,TL
2025-11-29,A101 Kapıda,Çay,Çaykur Tiryaki Çay 5 Kg,1125.0,225.0,TL
2025-11-29,A101 Kapıda,Çay,Çaykur Tiryaki Siyah Çay 1 Kg,260.0,260.0,TL
2025-11-29,A101 Kapıda,Çay,Doğuş Karadeniz Çayı 1 Kg,233.0,233.0,TL
2025-11-29,A101 Kapıda,Çay,Çaykur Tiryaki Çay 500 G,149.95,299.9,TL
2025-11-29,A101 Kapıda,Çay,Lipton Yellow Label Bardak Poşet Çay 25'li,54.9,54.9,TL
2025-11-29,A101 Kapıda,Çay,Bentota Seylan Demlik Poşet Çay 48'li,64.5,64.5,TL
2025-11-29,A101 Kapıda,Çay,Lipton Yellow Label Demlik Poşet Çay 100'lü,225.0,225.0,TL
2025-11-29,A101 Kapıda,Çay,Lipton Tiryaki Çay 1 KG,179.0,179.0,TL
2025-11-29,A101 Kapıda,Çay,Doğuş Rize Çayı 1 Kg,279.0,279.0,TL
2025-11-29,A101 Kapıda,Çay,Bentota Opa Seylan Çayı 500 G,255.0,510.0,TL
2025-11-29,A101 Kapıda,Çay,Lipton Yellow Label Demlik Poşet Çay 48'li,112.0,112.0,TL
2025-11-29,A101 Kapıda,Çay,Çaykur Altınbaş Demlik Poşet Çay 40'lı,110.95,110.95,TL
2025-11-29,A101 Kapıda,Çay,Efor Geleneksel Karadeniz Çayı 1 Kg,210.0,210.0,TL
2025-11-29,A101 Kapıda,Çay,Doğuş Gurme Demlik Poşet Çay 100'lü,225.0,225.0,TL
2025-11-29,A101 Kapıda,Çay,Doğuş Filiz Siyah Çay 1 Kg,255.0,255.0,TL
2025-11-29,A101 Kapıda,Çay,Karadem Tomurcuk Çay Ekonomik Paket 100 G,31.5,315.0,TL
2025-11-29,A101 Kapıda,Çay,Doğuş Black Label Demlik Poşet Çay 100'lü,190.0,190.0,TL
2025-11-29,A101 Kapıda,Çay,Çaykur Altınbaş Çay 500 G,189.95,379.9,TL
2025-11-29,A101 Kapıda,Çay,Çaykur Rize Turist Çay 500 G,150.95,301.9,TL
2025-11-29,A101 Kapıda,Çay,Çaykur 42 No'lu Tirebolu Çayı 500 G,159.0,318.0,TL
2025-11-29,A101 Kapıda,Çay,Doğuş Earl Grey Demlik Poşet Çay 100'lü,190.0,190.0,TL
2025-11-29,A101 Kapıda,Çay,Lipton Yellow Label Siyah Çay 1 Kg,320.0,320.0,TL
2025-11-29,A101 Kapıda,Çay,Bentota Seylan Bardak Poşet Çay 25'li,39.5,39.5,TL
2025-11-29,A101 Kapıda,Çay,Lipton Doğu Karadeniz Siyah Çay 1 Kg,295.0,295.0,TL
2025-11-29,A101 Kapıda,Çay,"Karadem Demlik Poşet Çay 48'li 163,2 G",52.0,26000.0,TL
2025-11-29,A101 Kapıda,Çay,Ofçay Tiryaksine Demlik Poşet Çay 100'lü,99.5,99.5,TL
2025-11-29,A101 Kapıda,Çay,Ofçay Tiryakisine Çay 1 KG,149.0,149.0,TL
2025-11-29,A101 Kapıda,Çay,Karadem Harman Çay 1000 G,175.0,175.0,TL
2025-11-29,A101 Kapıda,Çay,Karadem Rize Çayı 1000 G,179.0,179.0,TL
2025-11-29,A101 Kapıda,Çay,Çaykur Filiz Çay 500 G,165.95,331.9,TL
2025-11-29,A101 Kapıda,Çay,Doğuş Gurme Çay 1 Kg,320.0,320.0,TL
2025-11-29,A101 Kapıda,Çay,Karadem Filiz Çay 500 G,95.0,190.0,TL
2025-11-29,A101 Kapıda,Çay,Doğadan Gizli Bahçe Poşet Demlik Çay 100'lü,99.5,99.5,TL
2025-11-29,A101 Kapıda,Çay,Lipton Doğu Karadeniz Demlik Poşet Çay 100'lü,145.0,145.0,TL
2025-11-29,A101 Kapıda,Çay,Ottimo Demet Çay Bardağı 6'lı 130 Cc,112.0,112.0,TL
2025-11-29,A101 Kapıda,Çay,Çaykur Altınbaş Çayı 2 KG,449.0,224.5,TL
2025-11-29,A101 Kapıda,Çay,Paşabahçe Timeless Çay Bardağı 6'lı 170 cc,249.0,249.0,TL
2025-11-29,A101 Kapıda,Çay,Doğuş Black Label Poşet çay 25'li,65.5,65.5,TL
2025-11-29,A101 Kapıda,Çay,Çaykur Rize Turist Çayı 1 Kg,299.0,299.0,TL
2025-11-29,A101 Kapıda,Çay,Karadem Bardak Poşet Çay 25'li,30.0,30.0,TL
2025-11-29,A101 Kapıda,Çay,Lav Venüs Kulplu Çay Bardağı Seti 6'lı 150 ml,199.0,1326.67,TL
2025-11-29,A101 Kapıda,Çay,Doğuş Çay Demlik Poşet Karadeniz 100'lü,79.0,79.0,TL
2025-11-29,A101 Kapıda,Çay,Lipton Şeftali Aromalı Soğuk Çay 2 L,67.5,33.75,TL
2025-11-29,A101 Kapıda,Çay,Karadem Filiz Çay 1000 G,185.0,185.0,TL
2025-11-29,A101 Kapıda,Çay,Lipton Soğuk Çay Ahududu 330 ml,35.0,106.06,TL
2025-11-29,A101 Kapıda,Çay,Çaykur Tomurcuk Çay 125 G,75.95,607.6,TL
2025-11-29,A101 Kapıda,Çay,Lipton Limon Soğuk Çay 6x330 ml,226.5,114.39,TL
2025-11-29,A101 Kapıda,Çay,Lipton Şeftali Soğuk Çay 6x330 ml,226.5,114.39,TL
2025-11-29,A101 Kapıda,Çay,Bi Buzlu Çay Karpuz 330 ml,21.0,63.64,TL
2025-11-29,A101 Kapıda,Çay,Ahmadtea English Breakfast Bardaklı Poşet Çay 25'li,55.0,55.0,TL
2025-11-29,A101 Kapıda,Çay,Bi Buzlu Çay Kavun Çilek 330 ml,21.0,63.64,TL
2025-11-29,A101 Kapıda,Çay,Pin Beyaz Şeftali Soğuk Çay 1 L,45.0,45.0,TL
2025-11-29,A101 Kapıda,Çay,Bi Buzlu Çay Frambuaz Böğürtlen 330 ml,21.0,63.64,TL
2025-11-29,A101 Kapıda,Çay,Çaykur Kamelya Çayı 1000 G,279.95,279.95,TL
2025-11-29,A101 Kapıda,Çay,Lipton Yeşil Çay Çilek Soğuk Çay 1 L,29.5,29.5,TL
2025-11-29,A101 Kapıda,Çay,Juss Tea Şeftali Aromalı Buzlu Çay 6x1 L,125.0,20.83,TL
2025-11-29,A101 Kapıda,Çay,Doğadan Papatya Çay 20'li,89.5,89.5,TL
2025-11-29,A101 Kapıda,Çay,Doğadan Ayvalı Ihlamur Çay 20'li,49.9,49.9,TL
2025-11-29,A101 Kapıda,Çay,Doğadan Limonlu Yeşil Çay 20'li,35.0,35.0,TL
2025-11-29,A101 Kapıda,Çay,Mest Yeşil Çay 20'li,17.5,17.5,TL
2025-11-29,A101 Kapıda,Çay,Doğadan Yumuşak İçimli Poşet Çay 20'li,89.5,89.5,TL
2025-11-29,A101 Kapıda,Çay,Doğadan Form Kayısılı Poşet Çay 20'li,89.5,89.5,TL
2025-11-29,A101 Kapıda,Çay,Lipton Çilekli Yeşil Çaylı Buzlu Çay 330 ml,33.0,100.0,TL
2025-11-29,A101 Kapıda,Çay,Doğadan Açai ve Ananaslı Yeşil Poşet Çay 20'li,89.5,89.5,TL
2025-11-29,A101 Kapıda,Çay,Mest Nane Limonlu Yeşil Çay 20'li,22.5,22.5,TL
2025-11-29,A101 Kapıda,Çay,Mest Açai Ananaslı Yeşil Çay 20'li,19.25,19.25,TL
2025-11-29,A101 Kapıda,Çay,Doğadan Form Kiraz Saplı Çay 20'li,89.5,89.5,TL
2025-11-29,A101 Kapıda,Çay,Lipton Mango Soğuk Çay 6x330 ml,226.5,114.39,TL
2025-11-29,A101 Kapıda,Çay,Lipton Ice Tea Mango Buzlu Çay 330 ml,33.0,100.0,TL
2025-11-29,A101 Kapıda,Çay,Doğadan Nar ve Yaban Mersinli Çay 20'li,35.0,35.0,TL
2025-11-29,A101 Kapıda,Çay,Lipton Çilek Soğuk Çay 6x330 ml,226.5,114.39,TL
2025-11-29,A101 Kapıda,Çay,Lipton Soğuk Çay Karpuz & Nane 330 ml,35.0,106.06,TL
2025-11-29,A101 Kapıda,Çay,"Doğuş Şeftali Buzlu Çay 2,5 L",45.0,9.0,TL
2025-11-29,A101 Kapıda,Çay,Lipton Karpuz Soğuk Çay 6x330 ml,226.5,114.39,TL
2025-11-29,A101 Kapıda,Çay,Lipton Ice Tea Şeftali Aromalı Soğuk Çay 330 ml,42.5,128.79,TL
2025-11-29,A101 Kapıda,Çay,Didi Şeftalili Buzlu Çay 500 ml,29.5,59.0,TL
2025-11-29,A101 Kapıda,Çay,Lipton Ice Tea Şeftali Buzlu Çay 4x1 L,110.0,27.5,TL
2025-11-29,A101 Kapıda,Çay,Lipton Ice Tea Ahududu Aromalı Soğuk Çay 1 L,35.0,35.0,TL
2025-11-29,A101 Kapıda,Çay,"Lipton Mangolu Buzlu Çay 1,5 L",40.0,8.0,TL
2025-11-29,A101 Kapıda,Çay,Lipton Ice Tea Şeftali Aromalı Soğuk Çay 1 L,47.5,47.5,TL
2025-11-29,A101 Kapıda,Çay,Lipton Şeftali Şekersiz Soğuk Çay 6x330 ml,226.5,114.39,TL
2025-11-29,A101 Kapıda,Çay,Lipton Tropikal Meyve Aromalı Soğuk Çay 2 L,67.5,33.75,TL
2025-11-29,A101 Kapıda,Çay,Fuse Tea Şeftali Buzlu Çay 330 ml,45.0,136.36,TL
2025-11-29,A101 Kapıda,Çay,Fuse Tea Mango Ananas Soğuk Çay 330 ml,45.0,136.36,TL
2025-11-29,A101 Kapıda,Çay,Tamek Şeftali Buzlu Çay 200 ml,10.0,50.0,TL
2025-11-29,A101 Kapıda,Çay,Bi Ice Tea Limon Buzlu Çay 330 ml,21.0,63.64,TL
2025-11-29,A101 Kapıda,Çay,Fuse Tea Kavunlu Çilekli Buzlu Çay 330 ml,45.0,136.36,TL
2025-11-29,A101 Kapıda,Çay,Juss Tea Mango Ananas Pet Buzlu Çay 250 ml,10.0,40.0,TL
2025-11-29,A101 Kapıda,Çay,Fuse Tea Şeftali Soğuk Çay 1 L,50.0,50.0,TL
2025-11-29,A101 Kapıda,Çay,Juss Tea Şeftali Pet Buzlu Çay 250 ml,10.0,40.0,TL
2025-11-29,A101 Kapıda,Çay,Fuse Tea Exotic Buzlu Çay 1 L,35.0,35.0,TL
2025-11-29,A101 Kapıda,Çay,Bi Ice Tea Şeftali Buzlu Çay 330 ml,21.0,63.64,TL
2025-11-29,A101 Kapıda,Çay,Bi Mango Exotic Buzlu Çay 330 ml,21.0,63.64,TL
2025-11-29,A101 Kapıda,Çay,Fuse Tea Mango Ananas Soğuk Çay 1 L,50.0,50.0,TL
2025-11-29,A101 Kapıda,Çay,Fuse Tea Mango ve Ananas Soğuk Çay 6x330 ml,100.0,50.51,TL
2025-11-29,A101 Kapıda,Çay,Ara Şeftali Soğuk Çay 1 L,30.0,30.0,TL
2025-11-29,A101 Kapıda,Çay,Juss Tea Karpuz Çilek Pet Buzlu Çay 250 ml,10.0,40.0,TL
2025-11-29,A101 Kapıda,Çay,Ara Mango Ananas Soğuk Çay 1 L,30.0,30.0,TL
2025-11-29,A101 Kapıda,Çay,Fuse Tea Karpuz Soğuk Çay 1 L,50.0,50.0,TL
2025-11-29,A101 Kapıda,Çay,Tamek Karpuz Çilek Buzlu Çay 200 ml,10.0,50.0,TL
2025-11-29,A101 Kapıda,Çay,Fuse Tea Karpuz Aromalı Soğuk Çay 330 ml,30.0,90.91,TL
2025-11-29,A101 Kapıda,Çay,Bi Şeftali Buzlu Çay 1 L,24.5,24.5,TL
2025-11-29,A101 Kapıda,Çay,Fuse Tea Frambuaz Böğürtlen Soğuk Çay 1 L,45.0,45.0,TL
2025-11-29,A101 Kapıda,Çay,"Fuse Tea Şeftali Soğuk Çay 1,5 L",52.0,10.4,TL
2025-11-29,A101 Kapıda,Çay,"Fuse Tea Mango Ananas Soğuk Çay 1,5 L",52.0,10.4,TL
2025-11-29,A101 Kapıda,Çay,Fuse Tea Kavun Çilek Soğuk Çay 1 L,50.0,50.0,TL
2025-11-29,A101 Kapıda,Çay,Fuse Tea Kavun ve Çilek Soğuk Çay 6x330 ml,100.0,50.51,TL
2025-11-29,A101 Kapıda,Çay,Fuse Tea Frambuaz ve Böğürtlen Soğuk Çay 6x330 ml,100.0,50.51,TL
2025-11-29,A101 Kapıda,Çay,Schafer Çaykeyfi Çay Makinesi,1399.0,1399.0,TL
2025-11-29,A101 Kapıda,Çay,"Juss Tea Mango Ananas Aromalı Buzlu Çay 2,5 L",50.0,10.0,TL
2025-11-29,A101 Kapıda,Çay,Pin Çilek & Vanilya Soğuk Çay 1 L,45.0,45.0,TL
2025-11-29,A101 Kapıda,Çay,Oyuncak Çay Seti,199.0,199.0,TL
2025-11-29,A101 Kapıda,Çay,Ottimo Kulplu Çay Bardağı 6'Lı 155 Cc,115.0,115.0,TL
2025-11-29,A101 Kapıda,Çay,"Juss Tea Şeftali Aromalı Buzlu Çay 2,5 L",52.5,10.5,TL
2025-11-29,A101 Kapıda,Çay,"Fuse Tea Karpuz Soğuk Çay 1,5 L",52.0,10.4,TL
2025-11-29,A101 Kapıda,Çay,Borosilikat Çay Bardağı 6'lı 170 ml,169.0,994.12,TL
2025-11-29,A101 Kapıda,Çay,"Didi Şeftali Buzlu Çay 1,5 L",25.0,5.0,TL
2025-11-29,A101 Kapıda,Çay,Ottimo Çay Bardağı 6'lı 115 Cc,64.0,64.0,TL
2025-11-29,A101 Kapıda,Çay,"Fuse Tea Kavun Çilek Soğuk Çay 1,5 L",60.0,12.0,TL
2025-11-29,A101 Kapıda,Çay,Didi Şeftali Aromalı Soğuk Çay 6x330 ml,90.0,45.45,TL
2025-11-29,A101 Kapıda,Çay,G4U Hatıra Çay Seti 12 Parça,349.9,349.9,TL
2025-11-29,A101 Kapıda,Çay,Eker Detoks Kefir Yeşil Çay & Elma 290 ml,35.0,120.69,TL
2025-11-29,A101 Kapıda,Çay,"Juss Tea Mango & Ananas Aromalı Soğuk Çay 1,5 L",35.0,7.0,TL
2025-11-29,A101 Kapıda,Çay,"Juss Tea Karpuz Çilek Aromalı Buzlu Çay 2,5 L",50.0,10.0,TL
2025-11-29,A101 Kapıda,Çay,"Juss Tea Şeftali Aromalı Soğuk Çay 1,5 L",35.0,7.0,TL
2025-11-29,A101 Kapıda,Çay,Kızılay Şeftali Aromalı Soğuk Çay 1 L,20.0,20.0,TL
2025-11-29,A101 Kapıda,Çay,Homend Royaltea 1741H Çelik Çay Makinesi,2499.0,2499.0,TL
2025-11-29,A101 Kapıda,Çay,Ara Karpuz Çilek Soğuk Çay 1 L,30.0,30.0,TL
2025-11-29,A101 Kapıda,Çay,Paşabahçe İstanbul Çay Seti 12 Parça,349.9,349.9,TL
2025-11-29,A101 Kapıda,Çay,Lav Dilek Çay Seti 12 Parça,349.9,349.9,TL
2025-11-29,A101 Kapıda,Çay,Ara Karadut Frenk Üzümü Soğuk Çay 1 L,30.0,30.0,TL
2025-11-29,A101 Kapıda,Çay,Kiwi Çay Makinesi KTM 2907,849.0,849.0,TL
2025-11-29,A101 Kapıda,Çay,Lav Rimli Çay Seti 12 Parça,399.0,399.0,TL
2025-11-29,A101 Kapıda,Çay,Sarex Tealux Çay Makinesi SR-3301,1199.0,1199.0,TL
2025-11-29,A101 Kapıda,Çay,"Juss Tea Karpuz & Çilek Aromalı Soğuk Çay 1,5 L",35.0,7.0,TL
2025-11-29,A101 Kapıda,Çay,Homend Royaltea 1755H Plastik Çay Makinesi,1399.0,1399.0,TL
2025-11-29,A101 Kapıda,Çay,Sırma Doğal Mineralli Şeftali Aromalı Soğuk Çay 1 L,27.5,27.5,TL
2025-11-29,A101 Kapıda,Çay,Lav Buket Çay Seti 12 Parça,349.9,349.9,TL
2025-11-29,A101 Kapıda,Çay,English Home Inox Çay Makinesi,2199.0,2199.0,TL
2025-11-29,A101 Kapıda,Çay,English Home CMK 6030 Çay Makinesi,1399.0,1399.0,TL
2025-11-29,A101 Kapıda,Çay,Onvo Çelik Çay Makinesi,1599.0,1599.0,TL
2025-11-29,A101 Kapıda,Çay,Sinbo STM-5831 Elektrikli Çay Makinesi,1199.0,1199.0,TL
2025-11-29,A101 Kapıda,Çay,Sinbo STM-5840 Elektrikli Çay Makinesi,949.0,949.0,TL
2025-11-29,A101 Kapıda,Çay,Onvo OVTM01 Dijital Çay Makinesi,1799.0,1799.0,TL
2025-11-29,A101 Kapıda,Çay,Doğadan Ihlamur Çayı 18'li,80.0,80.0,TL
2025-11-29,A101 Kapıda,Çay,Pierre Cardin Elektrikli Çay Makinesi,1499.0,1499.0,TL
2025-11-29,Migros,Süt,Migros %3 Yağlı Uht Süt 1 L,36.9,36.9,TL
2025-11-29,Migros,Süt,Sek Süt 1 L,53.95,53.95,TL
2025-11-29,Migros,Süt,Migros Yarım Yağlı Uht Süt 1 L,31.25,31.25,TL
2025-11-29,Migros,Süt,İçim Rahat Laktozsuz Süt 1 L,59.95,59.95,TL
2025-11-29,Migros,Süt,Pınar Süt 1 L,59.95,59.95,TL
2025-11-29,Migros,Süt,Migros Yarım Yağlı Laktozsuz Uht Süt 1 L,45.9,45.9,TL
2025-11-29,Migros,Süt,Migros %3 Yağlı Yüksek Sıcaklıkta Pastörize Süt 1 L,43.75,43.75,TL
2025-11-29,Migros,Süt,Migros %3 Yağlı UHT İçme Sütü 200 Ml,10.9,54.5,TL
2025-11-29,Migros,Süt,Pınar Denge Laktozsuz Süt 1 L,66.5,66.5,TL
2025-11-29,Migros,Süt,Torku Uht Süt 1 L,39.95,39.95,TL
2025-11-29,Migros,Süt,İçim Süt 1 L,53.95,53.95,TL
2025-11-29,Migros,Süt,Sek Pastörize Günlük Şişe Süt 1 L,89.95,89.95,TL
2025-11-29,Migros,Süt,İçim Sade Süt 6X200 Ml,106.5,88.75,TL
2025-11-29,Migros,Süt,Danone Uht Laktozsuz İçme Sütü 1 L,57.5,57.5,TL
2025-11-29,Migros,Süt,İçim Pastörize Şişe Süt 1 L,85.95,85.95,TL
2025-11-29,Migros,Süt,Sek Yeni Nesil Pastörize Günlük Süt 1 L,79.95,79.95,TL
2025-11-29,Migros,Süt,Alpro Şekersiz Badem İçeceği 1 L,199.9,199.9,TL
2025-11-29,Migros,Süt,Pınar Süt Kakaolu 6x180,103.5,103.5,TL
2025-11-29,Migros,Süt,İçim İçimino Çilekli Süt 6X180ml,94.5,87.5,TL
2025-11-29,Migros,Süt,Migros Yağsız Uht İçme Sütü 1 L,26.5,26.5,TL
2025-11-29,Migros,Süt,Pınar Organik Süt 1 L,75.0,75.0,TL
2025-11-29,Migros,Süt,Pınar Süt 500 Ml,41.25,82.5,TL
2025-11-29,Migros,Süt,Pınar Protein Kakaolu Süt 500 Ml,67.0,134.0,TL
2025-11-29,Migros,Süt,Alpro Bademli İçecek 1 L,199.9,199.9,TL
2025-11-29,Migros,Süt,Pınar Süt %1 Yağlı 1 L,45.95,45.95,TL
2025-11-29,Migros,Süt,Pınar Süt 200 Ml,20.0,100.0,TL
2025-11-29,Migros,Süt,İçim Organik Süt 1 L,72.5,72.5,TL
2025-11-29,Migros,Süt,İçim Organik Süt 200 Ml,25.5,127.5,TL
2025-11-29,Migros,Süt,Nilky Bademli Şekersiz İçecek 1L,91.0,91.0,TL
2025-11-29,Migros,Süt,Torku Çiftçi Sütü Günlük 1 L,79.95,79.95,TL
2025-11-29,Migros,Süt,İçim Yarım Yağlı Süt 1 L,48.9,48.9,TL
2025-11-29,Migros,Süt,Torku Yarım Yağlı Süt 1 L,49.95,49.95,TL
2025-11-29,Migros,Süt,Pınar Yüksek Proteinli Laktozsuz %0.3 Yağlı UHT Süt 1 L,84.5,84.5,TL
2025-11-29,Migros,Süt,Orvital Organik Yağlı Pastorize Süt 1 L,121.0,121.0,TL
2025-11-29,Migros,Süt,Sek Süt 200 Ml,16.95,84.75,TL
2025-11-29,Migros,Süt,Yörsan %3 Yağlı Uht Süt 1 L,49.5,49.5,TL
2025-11-29,Migros,Süt,Sek Çiftlik Tam Yağlı Pastörize Günlük Süt 1 L,89.95,89.95,TL
2025-11-29,Migros,Süt,Pınar Protein Çilekli Süt 500 ml,67.0,134.0,TL
2025-11-29,Migros,Süt,Torku Kakaolu Süt 6X180 Ml,89.95,83.29,TL
2025-11-29,Migros,Süt,Pınar Protein Kahveli Süt 500 ml,67.0,134.0,TL
2025-11-29,Migros,Süt,Torku Süt 4 x 1 L,237.5,59.38,TL
2025-11-29,Migros,Süt,İçim Organik Süt 6 x 200 Ml,145.0,120.83,TL
2025-11-29,Migros,Süt,İçim Çocuk Devam Sütü 1 L,69.9,69.9,TL
2025-11-29,Migros,Süt,İçim Rahat Laktozsuz Süt 500 Ml,39.9,79.8,TL
2025-11-29,Migros,Süt,Nesquik Kakaolu Süt 6x180 Ml,172.75,159.95,TL
2025-11-29,Migros,Süt,Nilky Yulaflı İçecek 1L,91.0,91.0,TL
2025-11-29,Migros,Süt,Sek Süt 500 Ml,39.0,78.0,TL
2025-11-29,Migros,Süt,İçim İçimino Çilekli Süt 180 Ml,16.95,94.17,TL
2025-11-29,Migros,Süt,İçim Çikolatalı Pastörize Süt Pet 1 L,86.5,86.5,TL
2025-11-29,Migros,Süt,Danone Disney Kakaolu Süt 6x180 Ml,134.5,124.54,TL
2025-11-29,Migros,Süt,Nestle Nesquik Kakaolu Süt 180 Ml,35.75,198.61,TL
2025-11-29,Migros,Süt,Sek Laktozsuz Pastörize Süt 200 Ml,28.5,142.5,TL
2025-11-29,Migros,Süt,İçim İçimino Muzlu Süt 180 Ml,16.95,94.17,TL
2025-11-29,Migros,Süt,Sek Protein Kakaolu Süt 330 Ml,61.95,187.73,TL
2025-11-29,Migros,Süt,"İçim Lezzet %3,5 Yağlı Uht Süt 1 L",59.9,59.9,TL
2025-11-29,Migros,Süt,Pınar Çocuk Devam Sütü 200 Ml,25.0,125.0,TL
2025-11-29,Migros,Süt,İçim Fit Protein Kakaolu Laktozsuz Süt 400 Ml,59.95,149.88,TL
2025-11-29,Migros,Süt,Sek Çilekli Pastörize Süt 200 Ml,26.95,134.75,TL
2025-11-29,Migros,Süt,İçim Light Süt 1 L,49.9,49.9,TL
2025-11-29,Migros,Süt,Alpro Hindistan Cevizi İçeceği Şekersiz 1 L,199.9,199.9,TL
2025-11-29,Migros,Süt,İçim Fit Protein Kakaolu Laktozsuz Süt 400 Ml,59.95,149.88,TL
2025-11-29,Migros,Süt,Torku Süt Çilekli 6X180 Ml,89.95,83.29,TL
2025-11-29,Migros,Süt,Torku Miniki Muzlu Süt 6X180 Ml,89.95,83.29,TL
2025-11-29,Migros,Süt,Pınar Protein Yer Fıstığı & Muz Aromalı Süt 500 ml,67.0,134.0,TL
2025-11-29,Migros,Süt,Alpro Vanilya Badem İçeceği 1 L,199.9,199.9,TL
2025-11-29,Migros,Süt,Alpro Hindistan Cevizi İçeceği Şekersiz 1 L,199.9,199.9,TL
2025-11-29,Migros,Süt,İçim Süt 200 Ml,19.9,99.5,TL
2025-11-29,Migros,Süt,Milupa Çocuk Devam Sütü İçime Hazır 200 Ml 6'lı Paket 1 Yaş+,154.0,770.0,TL
2025-11-29,Migros,Süt,Danone Disney Çilekli Süt 6X180 Ml,134.5,124.54,TL
2025-11-29,Migros,Süt,Fomilk Badem 200 Ml,45.0,225.0,TL
2025-11-29,Migros,Süt,Alpro Bademli İçecek 250 Ml,59.9,239.6,TL
2025-11-29,Migros,Süt,Bactolac Sıvı Formda Probiyotik 1 L,425.0,425.0,TL
2025-11-29,Migros,Süt,Danone Doğal Süt 6x180 Ml,134.5,124.54,TL
2025-11-29,Migros,Süt,Fomilk Fındık Şekersiz 1 L,175.0,175.0,TL
2025-11-29,Migros,Süt,Danone Disney Muzlu Süt 180 Ml,24.75,137.5,TL
2025-11-29,Migros,Süt,Yörsan Yarım Yağlı Uht Süt 1L,42.5,42.5,TL
2025-11-29,Migros,Süt,Danone Disney Muzlu Süt 6x180 Ml,134.5,124.54,TL
2025-11-29,Migros,Süt,İçim İçimino Çikolatalı Süt 180 Ml,16.95,94.17,TL
2025-11-29,Migros,Süt,Sek Çikolatalı Pastörize Süt 200 Ml,26.95,134.75,TL
2025-11-29,Migros,Süt,Alpro Şekersiz Yulaf İçeceği 1 L,199.9,199.9,TL
2025-11-29,Migros,Süt,Sek Yeni Nesil Pastörize Günlük Süt 500 Ml,46.95,93.9,TL
2025-11-29,Migros,Süt,Pınar Kido Kakaolu Süt 180 Ml,17.5,97.22,TL
2025-11-29,Migros,Süt,Alpro Hindistan Cevizi Badem İçeceği 1 L,199.9,199.9,TL
2025-11-29,Migros,Süt,Nesquik Muz Aromalı Süt 180 Ml,35.75,198.61,TL
2025-11-29,Migros,Süt,Sütaş Latte 1 L,105.0,105.0,TL
2025-11-29,Migros,Süt,Alpro Bitter Çikolata Badem İçeceği 1 L,199.9,199.9,TL
2025-11-29,Migros,Süt,İçim Rahat Laktozsuz Süt 200 Ml,20.9,104.5,TL
2025-11-29,Migros,Süt,Pınar Bitkisel Bazlı Fındık İçeceği 1 L,129.95,129.95,TL
2025-11-29,Migros,Süt,İçim Fit Protein Kahveli Laktozsuz Süt 400 Ml,59.95,149.88,TL
2025-11-29,Migros,Süt,Pınar Kido Çilekli Süt 180 Ml,17.5,97.22,TL
2025-11-29,Migros,Süt,"İçim 0,5 Yağlı Yüksek Proteinli Uht İçme Sütü 1 L",71.9,71.9,TL
2025-11-29,Migros,Süt,Nilky Şekersiz Hindistan Cevizli İçecek 1 L,91.0,91.0,TL
2025-11-29,Migros,Süt,Nilky Bademli İçecek 1 L,91.0,91.0,TL
2025-11-29,Migros,Süt,Nilky Hindistan Cevizli İçecek 1 L,91.0,91.0,TL
2025-11-29,Migros,Süt,Pınar Kido Kakaolu Süt 180 Ml,17.5,97.22,TL
2025-11-29,Migros,Süt,Sek Karamel Macchiato 330 Ml,55.0,166.67,TL
2025-11-29,Migros,Süt,Alpro Hindistan Cevizi Badem İçeceği 1 L,199.9,199.9,TL
2025-11-29,Migros,Süt,Nesquik Muz Aromalı Süt 180 Ml,35.75,198.61,TL
2025-11-29,Migros,Süt,Sütaş Latte 1 L,105.0,105.0,TL
2025-11-29,Migros,Süt,Alpro Bitter Çikolata Badem İçeceği 1 L,199.9,199.9,TL
2025-11-29,Migros,Süt,İçim Rahat Laktozsuz Süt 200 Ml,20.9,104.5,TL
2025-11-29,Migros,Süt,Fomilk Badem Barista Bitkisel Bazlı Bademli İçecek 1 L,189.0,189.0,TL
2025-11-29,Migros,Süt,Fomilk Badem 1 L,175.0,175.0,TL
2025-11-29,Migros,Süt,Milupa Çocuk Devam Sütü İçime Hazır 200 Ml 1 Yaş+,29.0,145.0,TL
2025-11-29,Migros,Süt,Veganmilk Hindistan Cevizli İçecek 700 Ml,155.0,221.43,TL
2025-11-29,Migros,Süt,Ice Break Latte 375 Ml,62.5,166.67,TL
2025-11-29,Migros,Süt,Fomilk Fındıklı İçecek 200 Ml,45.0,225.0,TL
2025-11-29,Migros,Süt,Ice Break Şekersiz Latte 375 Ml,62.5,166.67,TL
2025-11-29,Migros,Süt,Ice Break Mocha 375 Ml,62.5,166.67,TL
2025-11-29,Migros,Süt,Danone Disney Çilekli Süt 180 Ml,24.75,137.5,TL
2025-11-29,Migros,Süt,Ice Break Vanilyalı Latte 375 Ml,62.5,166.67,TL
2025-11-29,Migros,Süt,Fomilk Bitkisel Bazlı Hindistan Cevizli Matchalı İçecek 1 L,189.0,189.0,TL
2025-11-29,Migros,Süt,Fomilk Bitkisel Bazlı Yulaflı Matchalı İçecek 1 L,189.0,189.0,TL
2025-11-29,Migros,Süt,Aroy D Hindistan Cevizi Sütü (Uht) 1 L,325.0,325.0,TL
2025-11-29,Migros,Süt,Sek Protein Hindistan Cevizi Aromalı Süt 330 Ml,61.95,187.73,TL
2025-11-29,Migros,Süt,Pınar Bitkisel Bazlı Badem İçeceği 1 L,129.95,129.95,TL
2025-11-29,Migros,Süt,Sek Hazır Dondurma Karışımı 1 L,120.0,120.0,TL
2025-11-29,Migros,Süt,Fomilk Yulaf 1 L,175.0,175.0,TL
2025-11-29,Migros,Süt,Veganmilk Karadeniz Fındıklı İçecek 700 Ml,155.0,221.43,TL
2025-11-29,Migros,Süt,Fomilk Şekersiz Fındıklı İçecek 200 Ml,45.0,225.0,TL
2025-11-29,Migros,Süt,Fomilk Yulaf Barista Bitkisel Bazlı Yulaflı İçecek 1 L,189.0,189.0,TL
2025-11-29,Migros,Süt,Dimes Antep Fıstıklı Milkshake 310 Ml,45.0,145.16,TL
2025-11-29,Migros,Süt,Milupa Çocuk Devam Sütü 1 L,82.95,82.95,TL
2025-11-29,Migros,Süt,İçim Fit Protein Çilekli Laktozsuz Süt 400 Ml,59.95,149.88,TL
2025-11-29,Migros,Süt,Danone Doğal Süt 180Ml,24.75,137.5,TL
2025-11-29,Migros,Süt,Danone Disney Kakaolu Süt 180 Ml,24.75,137.5,TL
2025-11-29,Migros,Süt,Fomilk Bademli Şekersiz İçecek 200 Ml,45.0,225.0,TL
2025-11-29,Migros,Süt,Danone Disney Kakaolu Süt 9X180 Ml,185.0,114.2,TL
2025-11-29,Migros,Süt,Pınar Kido Muzlu Süt 180 Ml,17.5,97.22,TL
2025-11-29,Migros,Süt,Sek Kahveli Sütlü İçecek Latte 330 Ml,55.0,166.67,TL
2025-11-29,Migros,Süt,Alpro Badem İçeceği 500 Ml,107.9,215.8,TL
2025-11-29,Migros,Süt,Alpro Yulaf İçeceği 1 L,199.9,199.9,TL
2025-11-29,Migros,Süt,Alpro Yulaf & Badem İçeceği 1 L,199.9,199.9,TL
2025-11-29,Migros,Süt,Nesquik Çilek Aromalı Süt 180 Ml,35.75,198.61,TL
2025-11-29,Migros,Süt,Dimes Milkshake Vanilya Beyaz Çikolata Aromalı Çilekli 310Ml,45.0,145.16,TL
2025-11-29,Migros,Süt,Fomilk Hindistan Cevizi Şekersiz 1L,175.0,175.0,TL
2025-11-29,Migros,Süt,Pınar Bitkisel Bazlı Yulaf İçeceği 1 L,129.95,129.95,TL
2025-11-29,Migros,Süt,Fomilk Badem Şekersiz 1 L,175.0,175.0,TL
2025-11-29,Migros,Süt,İçim İçimino Laktozsuz Kakaolu Süt 180 Ml,17.5,97.22,TL
2025-11-29,Migros,Süt,Fomilk Hindistan Cevizi 1 L,175.0,175.0,TL
2025-11-29,Migros,Süt,Fomilk Çikolata ve Fındıklı Bitkisel Bazlı İçecek 200 Ml,49.95,249.75,TL
2025-11-29,Migros,Süt,İçim Fit Protein Vanilyalı Laktozsuz Süt 400 Ml,59.95,149.88,TL
2025-11-29,Migros,Süt,Alpimilk Çikolatalı Süt 180 Ml,18.9,105.0,TL
2025-11-29,Migros,Süt,Sek White Chocolate Mocha 330 Ml,55.0,166.67,TL
2025-11-29,Migros,Ayçiçek Yağı,Yudum Ayçiçekyağı 2 L,294.95,147.47,TL
2025-11-29,Migros,Ayçiçek Yağı,Migros Ayçiçek Yağı 5 L Köşeli Pet,349.95,69.99,TL
2025-11-29,Migros,Ayçiçek Yağı,Komili Ayçiçek Yağı 5 L,449.95,89.99,TL
2025-11-29,Migros,Ayçiçek Yağı,Migros Ayçiçek Yağı 1 L,97.0,97.0,TL
2025-11-29,Migros,Ayçiçek Yağı,Emek Ayçiçek Yağı 5 L Köşeli Pet,459.95,91.99,TL
2025-11-29,Migros,Ayçiçek Yağı,Migros Ayçiçek Yağı 5 L Köşeli Pet,349.95,69.99,TL
2025-11-29,Migros,Ayçiçek Yağı,Yudum Ayçiçekyağı 5 L (Köşeli Pet),499.95,99.99,TL
2025-11-29,Migros,Ayçiçek Yağı,Migros Ayçiçek Yağı 2 L,188.5,94.25,TL
2025-11-29,Migros,Ayçiçek Yağı,Abalı Ayçiçek Yağı 5 L,459.95,91.99,TL
2025-11-29,Migros,Ayçiçek Yağı,Yudum Ayçiçekyağı 1 L,179.95,179.95,TL
2025-11-29,Migros,Ayçiçek Yağı,Komili Ayçiçek Yağı 2 L,289.95,144.97,TL
2025-11-29,Migros,Ayçiçek Yağı,Yudum Airfry'a Özel Sprey Ayçiçek Yağı Cam 250 Ml,149.95,599.8,TL
2025-11-29,Migros,Ayçiçek Yağı,Komili Ayçiçek Yağı 1 L,174.95,174.95,TL
2025-11-29,Migros,Yumurta,Keskinoglu 15'li L Büyük Boy Yumurta (63-72 G),99.5,6.63,TL
2025-11-29,Migros,Yumurta,M Life Organik 10'lu M - Orta Boy Yumurta (53-62 G),97.46,9.75,TL
2025-11-29,Migros,Yumurta,Güres M - Orta Boy Yumurta 30'lu ( 53 - 62 G),169.5,5.65,TL
2025-11-29,Migros,Yumurta,M Life Gezen Tavuk 10'lu M Boy Yumurta ( 53-62 G),67.46,6.75,TL
2025-11-29,Migros,Yumurta,Raya Gezen Tavuk Yumurtası 10'lu M Boy,86.21,8.62,TL
2025-11-29,Migros,Yumurta,Orvital Organik 10'lu M Orta Boy Yumurta (53-62 G),112.46,11.25,TL
2025-11-29,Migros,Yumurta,Naturaköy Gezen 15'li Yumurta M Orta Boy (53-62) G,127.46,8.5,TL
2025-11-29,Migros,Yumurta,Raya Organik 8'li M Boy Yumurta (53 - 62 G),89.96,11.24,TL
2025-11-29,Migros,Yumurta,Flotty Organik 10'lu M Orta Boy Yumurta (53-62 G),112.46,11.25,TL
2025-11-29,Migros,Yumurta,Atatürk Orman Çiftliği Organik Yumurta 10'lu M 53-63 G,112.46,11.25,TL
2025-11-29,Migros,Yumurta,Green Ranch M Boy Yumurta 10'lu (53 - 62 G),74.96,7.5,TL
2025-11-29,Migros,Yumurta,Keskinoğlu M - Orta Boy Yumurta 6'Lı ( 53 - 62 G ),47.95,7.99,TL
2025-11-29,Migros,Yumurta,Naturaköy Selenyum 15'li Yumurta M - Orta Boy 53-62 G,112.46,7.5,TL
2025-11-29,Migros,Yumurta,Coşkun Organik Yumurta 10'lu M Boy (53-62) G,110.96,11.1,TL
2025-11-29,Migros,Yumurta,S.s Organik Gıda Yumurta 10'lu M Boy 53-63 G,108.71,10.87,TL
2025-11-29,Migros,Yumurta,Coşkun 20'li L Boy Yumurta (63-72 G),199.95,10.0,TL
2025-11-29,Migros,Yumurta,Kor Organik 10'lu M Orta Boy Yumurta ( 53-62 ) G,108.71,10.87,TL
2025-11-29,Migros,Yumurta,Coskun Organik M Boy Yumurta 15'li (53-63 G),164.96,11.0,TL
2025-11-29,Migros,Yumurta,Flotty Baby S Boy Organik Yumurta 10'lu <53G,104.96,10.5,TL
2025-11-29,Migros,Yumurta,Doğalım M - Orta Boy Yumurta 6'lı ( 53 - 62 G ),43.46,7.24,TL
2025-11-29,Migros,Yumurta,Doğalım Organik Yumurta 10'lu M Boy (53-62 G),104.96,10.5,TL
2025-11-29,Migros,Yumurta,Taze Direkt Organik Yumurta 10'lu (53-62) G,108.71,10.87,TL
2025-11-29,Migros,Tavuk Eti,Banvit Piliç Bonfile Kg,189.95,189.95,TL
2025-11-29,Migros,Tavuk Eti,Beypiliç Parmak Bonfile Kg,134.96,134.96,TL
2025-11-29,Migros,Tavuk Eti,Banvit Piliç Pirzola Kg,119.96,119.96,TL
2025-11-29,Migros,Tavuk Eti,Uzman Kasap Piliç Baget Kg,89.95,89.95,TL
2025-11-29,Migros,Tavuk Eti,Banvit Piliç Kanat Kg,194.96,194.96,TL
2025-11-29,Migros,Tavuk Eti,Uzman Kasap Piliç Pirzola Kg,119.95,119.95,TL
2025-11-29,Migros,Tavuk Eti,Banvit Piliç Baget Kg,89.96,89.96,TL
2025-11-29,Migros,Tavuk Eti,Bolez Köylüm Poşetli Bütün Piliç Kg,119.96,119.96,TL
2025-11-29,Migros,Tavuk Eti,Uzman Kasap Piliç Kalçalı But Kg,74.95,74.95,TL
2025-11-29,Migros,Tavuk Eti,Banvit Piliç Izgara Tava Kg,224.96,224.96,TL
2025-11-29,Migros,Tavuk Eti,Uzman Kasap Piliç But Izgara Kg,169.95,169.95,TL
2025-11-29,Migros,Tavuk Eti,Beypiliç Ciğer,33.71,33.71,TL
2025-11-29,Migros,Tavuk Eti,Banvit Piliç Yaprak Döner 200 G,114.95,574.75,TL
2025-11-29,Migros,Tavuk Eti,Uzman Kasap Piliç Bonfile Kg,189.95,189.95,TL
2025-11-29,Migros,Tavuk Eti,Uzman Kasap Poşetli Bütün Piliç Kg,79.95,79.95,TL
2025-11-29,Migros,Tavuk Eti,Banvit Poşetli Bütün Piliç Kg,78.71,78.71,TL
2025-11-29,Migros,Tavuk Eti,Banvit Piliç Schnitzel 700 G,109.95,157.07,TL
2025-11-29,Migros,Tavuk Eti,Keskinoğlu Piliç Çıtır Bonfile 400 G,99.95,249.88,TL
2025-11-29,Migros,Tavuk Eti,Gedik Poşetli Bütün Piliç Kg,82.46,82.46,TL
2025-11-29,Migros,Tavuk Eti,Keskinoğlu Piliç Izgara Tava Kg,164.96,164.96,TL
2025-11-29,Migros,Tavuk Eti,Bolez Köylüm Piliç Baget Kg,164.96,164.96,TL
2025-11-29,Migros,Tavuk Eti,Banvit Piliç Kalçalı But Kg,82.46,82.46,TL
2025-11-29,Migros,Tavuk Eti,Bolez Köylüm Piliç Kelebek,86.21,86.21,TL
2025-11-29,Migros,Tavuk Eti,Keskinoğlu Piliç Mexico Shots 300 G,109.95,366.5,TL
2025-11-29,Migros,Tavuk Eti,Keskinoğlu Piliç Fileto Kg,189.95,189.95,TL
2025-11-29,Migros,Tavuk Eti,Keskinoğlu Piliç Çıtır Fileturka 300 G,109.95,366.5,TL
2025-11-29,Migros,Tavuk Eti,Keskinoğlu Piliç Schnitzel 700 G,109.95,157.07,TL
2025-11-29,Migros,Tavuk Eti,Keskinoğlu Piliç Çıtır Çubuk 300 G,67.95,226.5,TL
2025-11-29,Migros,Tavuk Eti,Banvit Piliç Nugget 300 G,71.95,239.83,TL
2025-11-29,Migros,Tavuk Eti,Lezita Tam Tahıllı Çıtır Jumbo Fileto 300 G,134.95,449.83,TL
2025-11-29,Migros,Tavuk Eti,Keskinoğlu Piliç Çıtır Çubuk 300 G,67.95,226.5,TL
2025-11-29,Migros,Tavuk Eti,Bolez Köylüm Piliç Taşlık,74.96,74.96,TL
2025-11-29,Migros,Tavuk Eti,Banvit Piliç Nugget 700 G,149.95,214.21,TL
2025-11-29,Migros,Tavuk Eti,Keskinoğlu Piliç Döner 500 G,159.95,319.9,TL
2025-11-29,Migros,Tavuk Eti,Bolez Köylüm Piliç Izgara Tava Kg,277.46,277.46,TL
2025-11-29,Migros,Tavuk Eti,Gedik Tabaklı Piliç But Izgaralık Kg,187.46,187.46,TL
2025-11-29,Migros,Tavuk Eti,Keskinoğlu Acılı Piliç Kebap 400 G,72.95,182.38,TL
2025-11-29,Migros,Tavuk Eti,Beypiliç But Izgara Kg,142.46,142.46,TL
2025-11-29,Migros,Tavuk Eti,Banvit Piliç Schnitzel 300 G,84.95,283.17,TL
2025-11-29,Migros,Tavuk Eti,Gedik Tabaklı Soslu Piliç Kanat Kg,217.46,217.46,TL
2025-11-29,Migros,Tavuk Eti,Gedik Piliç Dondurulmuş Piliç Bonfile Parçaları 500 G,101.97,203.94,TL
2025-11-29,Migros,Tavuk Eti,Beypiliç Baget Kg,74.96,74.96,TL
2025-11-29,Migros,Tavuk Eti,Gedik Tabaklı Piliç Kanat Kg,187.46,187.46,TL
2025-11-29,Migros,Tavuk Eti,Gedik Piliç Bonfile Kg,189.95,189.95,TL
2025-11-29,Migros,Tavuk Eti,Gedik Tabaklı Piliç Baget Kg,97.46,97.46,TL
2025-11-29,Migros,Tavuk Eti,Keskinoğlu Dondurulmuş Kovva Çıtır Party 850 G,219.95,258.76,TL
2025-11-29,Migros,Tavuk Eti,Gedik Piliç Tabaklı Kalçalı But Kg,82.46,82.46,TL
2025-11-29,Migros,Tavuk Eti,Lezita Izgara Dilim Piliç Fileto Pesto Soslu 200 G,74.95,374.75,TL
2025-11-29,Migros,Tavuk Eti,Gedik Acılı Çıtır Bonfile 200 G,69.95,349.75,TL
2025-11-29,Migros,Tavuk Eti,Hastavuk Piliç Köri Soslu Göğüs Sote 500 G,59.96,119.92,TL
2025-11-29,Migros,Tavuk Eti,Gedik Piliç Yaprak Döner 500 G,199.95,399.9,TL
2025-11-29,Migros,Tavuk Eti,Banvit Piliç Yaprak Döner 500 G,249.95,499.9,TL
2025-11-29,Migros,Tavuk Eti,Orvital Organik Dondurulmuş Piliç Kanat 450 G,259.95,577.67,TL
2025-11-29,Migros,Tavuk Eti,Beypiliç Poşetli Bütün Piliç Kg,74.96,74.96,TL
2025-11-29,Migros,Tavuk Eti,Gedik Çok Tahıllı Çıtır Fileto 250 G,84.95,339.8,TL
2025-11-29,Migros,Tavuk Eti,Beypiliç Pirzola Kg,97.46,97.46,TL
2025-11-29,Migros,Tavuk Eti,Keskinoğlu Piliç Kasap Köfte 300 G,59.95,199.83,TL
2025-11-29,Migros,Tavuk Eti,Keskinoğlu Piliç Kasap Köfte 300 G,59.95,199.83,TL
2025-11-29,Migros,Tavuk Eti,Beypiliç Izgara Kanat Kg,172.46,172.46,TL
2025-11-29,Migros,Tavuk Eti,Keskinoğlu Piliç Nugget 300 G,54.95,183.17,TL
2025-11-29,Migros,Tavuk Eti,Gedik Soslu Piliç Pirzola Kg,157.46,157.46,TL
2025-11-29,Migros,Tavuk Eti,Yeşil Küre Organik Piliç Kanat Kg,419.63,419.63,TL
2025-11-29,Migros,Tavuk Eti,Gedik Piliç Schnitzel 700 G,109.95,157.07,TL
2025-11-29,Migros,Tavuk Eti,Pınar Piliç Şnitzel 415 G,209.95,505.9,TL
2025-11-29,Migros,Tavuk Eti,Gedik Piliç Çıtır Bonfile Parçaları 500 G,169.95,339.9,TL
2025-11-29,Migros,Tavuk Eti,Beypiliç Kalçalı But Kg,67.46,67.46,TL
2025-11-29,Migros,Tavuk Eti,Gedik Piliç Kemiksiz Kova 750 G,249.95,333.27,TL
2025-11-29,Migros,Tavuk Eti,Keskinoğlu Dondurulmuş Piliç Mexio Shots 500 G,209.95,419.9,TL
2025-11-29,Migros,Tavuk Eti,Keskinoğlu Dondurulmuş Piliç Chicken Ring 700 G,184.95,264.21,TL
2025-11-29,Migros,Tavuk Eti,Şenpiliç Karışık Döner 300 G,108.95,363.17,TL
2025-11-29,Migros,Tavuk Eti,Keskinoğlu Dondurulmuş Piliç Fileturka 700 G,209.95,299.93,TL
2025-11-29,Migros,Tavuk Eti,Gedik Tabaklı Piliç Pirzola Kg,127.46,127.46,TL
2025-11-29,Migros,Tavuk Eti,Lezita Izgara Dilim Piliç Fileto Chili Soslu 200G,74.95,374.75,TL
2025-11-29,Migros,Tavuk Eti,Gurvita Tavuk Etli Çorba 370 Ml,229.95,621.49,TL
2025-11-29,Migros,Tavuk Eti,Gedik Piliç Nugget 700 G,109.95,157.07,TL
2025-11-29,Migros,Tavuk Eti,Gedik Soslu Piliç Döner 500 G,129.0,258.0,TL
2025-11-29,Migros,Tavuk Eti,Lezita Acılı Çıtır Jumbo Fileto 300 G,134.95,449.83,TL
2025-11-29,Migros,Tavuk Eti,Keskinoğlu Piliç Schnitzel 300 G,54.95,183.17,TL
2025-11-29,Migros,Tavuk Eti,Gedik Piliç Cordon Bleu 285G,74.95,262.98,TL
2025-11-29,Migros,Tavuk Eti,Pınar Piliç Kroket 430 G,214.95,499.88,TL
2025-11-29,Migros,Tavuk Eti,Bolez Köylüm Tavuk Suyu 320 Ml,131.21,410.03,TL
2025-11-29,Migros,Dana Eti,Dana Kıymalık Kg,729.95,729.95,TL
2025-11-29,Migros,Dana Eti,Dana Döş Rulo Kg (Kıyma),729.95,729.95,TL
2025-11-29,Migros,Dana Eti,Uzman Kasap Tekirdağ Köfte 320 G,265.95,831.09,TL
2025-11-29,Migros,Dana Eti,Uzman Kasap Dana Kıyma 400 G,255.0,637.5,TL
2025-11-29,Migros,Dana Eti,Uzman Kasap Izgara Köfte 320 G,265.95,831.09,TL
2025-11-29,Migros,Dana Eti,Uzman Kasap Dana Kuzu Kıyma 400 G,245.0,612.5,TL
2025-11-29,Migros,Dana Eti,Dana Kuzu Kıymalık Kg,729.95,729.95,TL
2025-11-29,Migros,Dana Eti,Dana But Sotelik Et Çiftlik Kg,939.95,939.95,TL
2025-11-29,Migros,Dana Eti,Dana But Tas Kebaplık Et Çiftlik Kg,790.46,790.46,TL
2025-11-29,Migros,Dana Eti,Uzman Kasap Klasik Köfte 320 G,229.95,718.59,TL
2025-11-29,Migros,Dana Eti,Uzman Kasap Dana Hamburger Köfte 330 G,229.95,696.82,TL
2025-11-29,Migros,Dana Eti,Uzman Kasap Kuzu Dana Kebap 360 G,189.95,527.64,TL
2025-11-29,Migros,Dana Eti,Dana Kuşbaşı Gulaşlık Kg (Büyük Doğranmış),746.96,746.96,TL
2025-11-29,Migros,Dana Eti,Dana Fırınlık Kaburga Kg,439.95,439.95,TL
2025-11-29,Migros,Dana Eti,Dana Yemelik Gerdan Kg,439.95,439.95,TL
2025-11-29,Migros,Dana Eti,Dana Kuzu Kıymalık Kg Yöresel,779.95,779.95,TL
2025-11-29,Migros,Dana Eti,Dana Kontrfile Kg,849.95,849.95,TL
2025-11-29,Migros,Dana Eti,Dana But Biftek Kg,949.95,949.95,TL
2025-11-29,Migros,Dana Eti,Dana Antrikot Çiftlik Kg,1399.95,1399.95,TL
2025-11-29,Migros,Dana Eti,Uzman Kasap Antrikot Burger 320 G,429.95,1343.59,TL
2025-11-29,Migros,Dana Eti,Uzman Kasap Misket Köfte 400 G,199.95,499.87,TL
2025-11-29,Migros,Dana Eti,Uzman Kasap Dana Yağsız Kıyma 400 G,329.95,824.87,TL
2025-11-29,Migros,Dana Eti,Dana Kuşbaşı Az Yağlı Kg (Dana Kol Eti),849.95,849.95,TL
2025-11-29,Migros,Dana Eti,Dana Bonfile Kg,1799.95,1799.95,TL
2025-11-29,Migros,Dana Eti,Minikler İçin Dana Kıyma,999.95,999.95,TL
2025-11-29,Migros,Dana Eti,Uzman Kasap Dana Newyork Steak Kg,955.95,955.95,TL
2025-11-29,Migros,Dana Eti,Uzman Kasap Dana Hellimli Sosis Köfte Kg,799.95,799.95,TL
2025-11-29,Migros,Dana Eti,Dana Stragonof Kg (But Eti),939.95,939.95,TL
2025-11-29,Migros,Dana Eti,Dana İncik,699.95,699.95,TL
2025-11-29,Migros,Dana Eti,Dana Pirzola Antrikot Kg,889.95,889.95,TL
2025-11-29,Migros,Dana Eti,Uzman Kasap Dana Pirzola Kg,1185.95,1185.95,TL
2025-11-29,Migros,Dana Eti,Dana İncik,699.95,699.95,TL
2025-11-29,Migros,Dana Eti,Dana Rostoluk Et Kg,979.95,979.95,TL
2025-11-29,Migros,Dana Eti,Dana Tranç Kg (But Eti),959.95,959.95,TL
2025-11-29,Migros,Dana Eti,Dana Tandır (Brisket) Kg,699.95,699.95,TL
2025-11-29,Migros,Dana Eti,Dana Külbastı Kg (İnce Dilimlenmiş But Eti),969.95,969.95,TL
2025-11-29,Migros,Dana Eti,Dana Kemikli Kontrfile Kg,739.95,739.95,TL
2025-11-29,Migros,Dana Eti,Dana Haşlamalık Et Kg,849.95,849.95,TL
2025-11-29,Migros,Dana Eti,Dana Nuar (Gulaşlık) Çiftlik Kg,746.96,746.96,TL
2025-11-29,Migros,Dana Eti,Uzman Kasap Dana Taze Sosis Köfte Kg,699.95,699.95,TL
2025-11-29,Migros,Dana Eti,Dana Şaşlık Kg,1249.95,1249.95,TL
2025-11-29,Migros,Dana Eti,Taze Otlu Dana Bonfile Kg,1999.95,1999.95,TL
2025-11-29,Migros,Dana Eti,Taze Otlu Dana Antrikot Kg,1699.95,1699.95,TL
2025-11-29,Migros,Dana Eti,Dana Şiş Kg,949.95,949.95,TL
2025-11-29,Migros,Dana Eti,Dana Biftek T-Bone Kg,999.95,999.95,TL
2025-11-29,Migros,Dana Eti,Uzman Kasap Dana Gulaş 400 G,349.95,874.87,TL
2025-11-29,Migros,Balık,Norveç Somon Dilim Kg,489.9,489.9,TL
2025-11-29,Migros,Balık,Norveç Somon Fileto Kg,799.9,799.9,TL
2025-11-29,Migros,Balık,Türk Somonu Hazır Dilim Kg,299.9,299.9,TL
2025-11-29,Migros,Balık,Sardalya Kg 1 (Temizlenmeden Gönderilecektir.),169.9,169.9,TL
2025-11-29,Migros,Balık,Levrek 600/800 Kg,599.9,599.9,TL
2025-11-29,Migros,Balık,Çizgili Paşa Barbun Kg,249.9,249.9,TL
2025-11-29,Migros,Balık,Çipura 600/800 Kg,349.9,349.9,TL
2025-11-29,Migros,Balık,Mezgit Karadeniz Kg,149.9,149.9,TL
2025-11-29,Migros,Balık,Türk Somonu Bütün Kg,299.9,299.9,TL
2025-11-29,Migros,Balık,İstavrit Orta Kg,199.9,199.9,TL
2025-11-29,Migros,Balık,Palamut Adet,249.9,249.9,TL
2025-11-29,Migros,Balık,İstavrit Kıraca Kg,499.9,499.9,TL
2025-11-29,Migros,Balık,Mavi Yengeç Kg,399.9,399.9,TL
2025-11-29,Migros,Balık,Kefal Orta Kg,249.9,249.9,TL
2025-11-29,Migros,Balık,Palamut Orta Adet,599.9,599.9,TL
2025-11-29,Migros,Balık,Norveç Somon Bütün Kg,489.9,489.9,TL
2025-11-29,Migros,Balık,Kalamar Orta Kg,999.9,999.9,TL
2025-11-29,Migros,Balık,Tekir Orta Kg 1,699.9,699.9,TL
2025-11-29,Migros,Balık,Kolyoz Kg,119.9,119.9,TL
2025-11-29,Migros,Balık,Kalkan Orta Kg,999.9,999.9,TL
2025-11-29,Migros,Balık,Jumbo Karides Orta Kg,699.9,699.9,TL
2025-11-29,Migros,Balık,Jumbo Karides İri Kg,999.9,999.9,TL
2025-11-29,Migros,Balık,Kaya Levrek Toprak 1000/2000 Kg,499.9,499.9,TL
2025-11-29,Migros,Balık,Sazan Orta Kg,269.9,269.9,TL
2025-11-29,Migros,Balık,Alabalık Kg,299.9,299.9,TL
2025-11-29,Migros,Balık,Karides Cimcim Kg,499.9,499.9,TL
2025-11-29,Migros,Balık,İskorpit Orta Kg,499.9,499.9,TL
2025-11-29,Migros,Balık,Zargana Orta Kg,499.9,499.9,TL
2025-11-29,Migros,Balık,İskorpit Orta Kg,499.9,499.9,TL
2025-11-29,Migros,Balık,Zargana Orta Kg,499.9,499.9,TL
2025-11-29,Migros,Balık,Barbun İthal 2 Kg,999.9,499.95,TL
2025-11-29,Migros,Balık,Tirsi Kg,169.0,169.0,TL
2025-11-29,Migros,Bebek Bezi,Molfıx Avantajlı Paket 3 Beden Midi 4-9 Kg 45'li,149.95,16.66,TL
2025-11-29,Migros,Bebek Bezi,Prima Premium Care Bebek Bezi Ekonomik Paket 5 Beden 42'li,649.95,649.95,TL
2025-11-29,Migros,Bebek Bezi,Molfix Avantajlı Paket 2 Beden Mini 3-6 Kg 54'lü,149.95,24.99,TL
2025-11-29,Migros,Bebek Bezi,Prima Bebek Bezi Premium Care 6 Numara 35'li 13+ Kg Ekonomik Paket,649.95,649.95,TL
2025-11-29,Migros,Bebek Bezi,Molfix Avantajlı Paket 1 Beden Yenidoğan 2-5 Kg 60'lı,149.95,29.99,TL
2025-11-29,Migros,Bebek Bezi,Molfix Avantajlı Paket 4 Beden Maxi 7-14 Kg 40'lı,149.95,10.71,TL
2025-11-29,Migros,Bebek Bezi,Sleepy Natural Jumbo Paket 7 Beden XXL 20-30 Kg 28'li,179.95,6.0,TL
2025-11-29,Migros,Bebek Bezi,Sleepy Natural Jumbo Paket 6 Beden XL 15-25 Kg 32'li,179.95,7.2,TL
2025-11-29,Migros,Bebek Bezi,Prima Aktif Bebek Ekonomik Paket 8 Beden 17+ Kg 31 Adet,789.95,789.95,TL
2025-11-29,Migros,Bebek Bezi,Prima Bebek Bezi Premium Care 4 Numara 46'lı 9-14 kg Ekonomik Paket,649.95,46.43,TL
2025-11-29,Migros,Bebek Bezi,Prima Bebek Bezi Premium Care 3 Numara 52'li 6-10 Kg Ekonomik Paket,649.95,65.0,TL
2025-11-29,Migros,Bebek Bezi,Molfix Premium Paket 6 Beden Extra Large 15+ Kg 34'lü,229.95,229.95,TL
2025-11-29,Migros,Bebek Bezi,Prima Premium Care Eko 7 Beden 15+ Kg 30 Adet,649.95,649.95,TL
2025-11-29,Migros,Bebek Bezi,Prima Bebek Bezi Premium Care 4 Beden Maxi Ultra Fırsat Paketi 9-14 kg 84 Adet,1199.95,85.71,TL
2025-11-29,Migros,Bebek Bezi,Prima Aktif Bebek Ekonomik Paket 5 Beden 11-18 Kg 46 Adet,789.95,43.89,TL
2025-11-29,Migros,Bebek Bezi,Sleepy Natural Jumbo Paket 4 No Maxi 7-14 Kg 52'li,179.95,12.85,TL
2025-11-29,Migros,Bebek Bezi,Prima Premium Care Ekonomik Yenidoğan 2-5 Kg 70 Adet,649.95,129.99,TL
2025-11-29,Migros,Bebek Bezi,Minies Bebek Bezi Maxi Plus 4+ No 9-16 Kg 38 Adet,159.95,10.0,TL
2025-11-29,Migros,Bebek Bezi,Minies Bebek Bezi Mini 2 Beden 3-6 Kg 60 Adet,159.95,26.66,TL
2025-11-29,Migros,Bebek Bezi,Prima Aktif Bebek Ekonomik Paket 6 Beden 13+ Kg 40 Adet,789.95,789.95,TL
2025-11-29,Migros,Bebek Bezi,Sleepy Ecologıc Bebek Bezı 7 Beden Xxl 20-30 Kg 28'Lı,309.95,10.33,TL
2025-11-29,Migros,Bebek Bezi,Molfix Premium Paket 3 Beden Midi 4-9 Kg 60'lı,229.95,25.55,TL
2025-11-29,Migros,Bebek Bezi,Prima Aktif Bebek Ekonomik Paket 2 Beden 4-8 Kg 72 Adet,789.95,98.74,TL
2025-11-29,Migros,Bebek Bezi,Sleepy Ecologic Bebek Bezi 5 Beden Junior 11-20 Kg 40'lı,309.95,15.5,TL
2025-11-29,Migros,Bebek Bezi,Sleepy Natural Jumbo Paket 5 Beden Junıor 11-18 Kg 40'Lı,179.95,10.0,TL
2025-11-29,Migros,Bebek Bezi,"Prima Premium Care Prematüre 0-2,5 Kg 30'lu",224.95,44.99,TL
2025-11-29,Migros,Bebek Bezi,Prima Premium Care Fırsat Paket 6 Beden 13+ Kg 62'li,1199.95,1199.95,TL
2025-11-29,Migros,Bebek Bezi,Molfix Avantajlı Paket 4+ Beden Mplus 9-16 Kg 34'lü,149.95,9.37,TL
2025-11-29,Migros,Bebek Bezi,Prima Bebek Bezi Premium Care 2 Beden 60'lı 4-8 kg Ekonomik Paket,649.95,81.24,TL
2025-11-29,Migros,Bebek Bezi,Sleepy Natural Jumbo Paket 1 Beden Yenidoğan 2-5 Kg 64'lü,179.95,35.99,TL
2025-11-29,Migros,Bebek Bezi,Minies Bebek Bezi Maxi 4 Beden 7-14 Kg 44 Adet,159.95,11.42,TL
2025-11-29,Migros,Bebek Bezi,Minies Bebek Bezi Midi 3 Beden 4-9 Kg 50 Adet,159.95,17.77,TL
2025-11-29,Migros,Bebek Bezi,Sleepy Ecologıc Bebek Bezı 2 Beden Mını 3-6 Kg 68'Lı,309.95,51.66,TL
2025-11-29,Migros,Bebek Bezi,Minies Bebek Bezi Junior 5 Beden 11-18 Kg 32 Adet,159.95,8.89,TL
2025-11-29,Migros,Bebek Bezi,Minies Fırsat Paketi 6 No Xlarge 15 - 27 Kg 62'li,349.95,12.96,TL
2025-11-29,Migros,Bebek Bezi,Sleepy Ecologıc Bebek Bezı 3 Beden Mıdı 4-10 Kg 56'Lı,309.95,30.99,TL
2025-11-29,Migros,Bebek Bezi,Minies Bebek Bezi XXLarge 7 Beden 17+Kg 22 Adet,159.95,159.95,TL
2025-11-29,Migros,Bebek Bezi,Molfix Premium Paket 4 Beden Maxi 7-14 Kg 54'lü,229.95,16.43,TL
2025-11-29,Migros,Bebek Bezi,Minies Fırsat Paket 7 No XXL 17 + Kg 52'li,349.95,349.95,TL
2025-11-29,Migros,Bebek Bezi,Minies Fırsat Paketi 5 No Junior 11-18 Kg 76'lı,349.95,19.44,TL
2025-11-29,Migros,Bebek Bezi,Molfix Premium Paket 2 Beden Mini 3-6 Kg 70'li,229.95,38.32,TL
2025-11-29,Migros,Bebek Bezi,Prima Aktif Bebek Ekonomik Paket 3 Beden 6-10 Kg 62 Adet,789.95,79.0,TL
2025-11-29,Migros,Bebek Bezi,Prima Aktif Bebek Ekonomik Paket 4 Beden 9-14 Kg 54 Adet,789.95,56.43,TL
2025-11-29,Migros,Bebek Bezi,Sleepy Ecologic Bebek Bezi 4 No Maxi 7-16 Kg 52'li,309.95,19.37,TL
2025-11-29,Migros,Bebek Bezi,Sleepy Ecologıc Bebek Bezı 1 Beden Yenıdogan 2-5 Kg 64'Lu,309.95,61.99,TL
2025-11-29,Migros,Bebek Bezi,Sleepy Natural Jumbo Paket 2 Beden Mini 3-6 Kg 68'li,179.95,29.99,TL
2025-11-29,Migros,Bebek Bezi,Prima Bebek Bezi Premium Care 5 Beden Junior Ultra Fırsat Paketi 11-16 kg 74 Adet,1199.95,75.0,TL
2025-11-29,Migros,Bebek Bezi,Sleepy Ecologıc Bebek Bezı 6 Beden Xl 15-27 Kg 32'Lı,309.95,11.48,TL
2025-11-29,Migros,Bebek Bezi,Sleepy Natural Jumbo Paket 3 Beden Midi 4-9 Kg 56'li,179.95,19.99,TL
2025-11-29,Migros,Bebek Bezi,Minies Bebek Bezi Extra Large 6 Beden 15-27 Kg 28'li,159.95,5.92,TL
2025-11-29,Migros,Bebek Bezi,Prima Aktif Bebek Ekonomik Paket 7 Beden 15+ Kg 34 Adet,789.95,789.95,TL
2025-11-29,Migros,Bakliyat,Hasata Gönen Baldo Pirinç 2 Kg,331.95,165.97,TL
2025-11-29,Migros,Bakliyat,"Migros Baldo Pirinç 2,5 Kg",169.95,33.99,TL
2025-11-29,Migros,Bakliyat,Migros Baldo Pirinç 1 Kg,80.95,80.95,TL
2025-11-29,Migros,Bakliyat,Yayla Kırmızı Mercimek 1 Kg,69.95,69.95,TL
2025-11-29,Migros,Bakliyat,Reis Gönen Baldo Pirinç 1 Kg,159.95,159.95,TL
2025-11-29,Migros,Bakliyat,Migros Kırmızı Mercimek 1 Kg,43.95,43.95,TL
2025-11-29,Migros,Bakliyat,Reis Pilavlık Bulgur 1 Kg,49.95,49.95,TL
2025-11-29,Migros,Bakliyat,Yayla Patlayan Mısır 500 G,33.95,67.9,TL
2025-11-29,Migros,Bakliyat,Migros Yerli Yeşil Mercimek 1 Kg,66.95,66.95,TL
2025-11-29,Migros,Bakliyat,Reis Kırmızı Mercimek 1 Kg,149.95,149.95,TL
2025-11-29,Migros,Bakliyat,Migros Pilavlık Bulgur 1000 G,27.95,27.95,TL
2025-11-29,Migros,Bakliyat,Reis Patlatmalık Mısır 500 G,29.95,59.9,TL
2025-11-29,Migros,Bakliyat,Migros Dermason Kuru Fasulye 1 Kg,66.95,66.95,TL
2025-11-29,Migros,Bakliyat,Hasata Yozgat Sultani Yeşil Mercimek 1 Kg,119.95,119.95,TL
2025-11-29,Migros,Bakliyat,Migros Nohut 1000 G,56.95,56.95,TL
2025-11-29,Migros,Bakliyat,Migros Pilavlık Yerli Pirinç 2500 G,146.95,58.78,TL
2025-11-29,Migros,Bakliyat,Hasata Kırşehir Koçbaşı Nohut 1 Kg,109.95,109.95,TL
2025-11-29,Migros,Bakliyat,Hasata Basmati Pirinç 2 Kg,169.95,84.97,TL
2025-11-29,Migros,Bakliyat,Yayla Pilavlık Bulgur 1 Kg,39.95,39.95,TL
2025-11-29,Migros,Bakliyat,Tat Basmati Pirinç 1 Kg,99.95,99.95,TL
2025-11-29,Migros,Bakliyat,Migros İri Dermason Fasulye 1 Kg,76.95,76.95,TL
2025-11-29,Migros,Bakliyat,Hasata Pilavlık Antep Bulguru 1 Kg,64.95,64.95,TL
2025-11-29,Migros,Bakliyat,Migros Osmancık Pirinç 2500 G,158.95,63.58,TL
2025-11-29,Migros,Bakliyat,Anadolu Lezzetleri Gönen Baldo Pirinç 1 Kg,99.95,99.95,TL
2025-11-29,Migros,Bakliyat,Duru Pilavlık Bulgur 1 Kg,65.95,65.95,TL
2025-11-29,Migros,Bakliyat,Migros Köftelik Bulgur 1 Kg,27.95,27.95,TL
2025-11-29,Migros,Bakliyat,Yayla Kırık Pirinç 1 Kg,49.95,49.95,TL
2025-11-29,Migros,Bakliyat,Migros Yerli Kırmızı Mercimek 1 Kg,68.95,68.95,TL
2025-11-29,Migros,Bakliyat,Yayla Yeşil Mercimek 1 Kg,107.95,107.95,TL
2025-11-29,Migros,Bakliyat,Yayla Köftelik Bulgur 1 Kg,39.95,39.95,TL
2025-11-29,Migros,Bakliyat,Hasata Derinkuyu Kuru Fasulyesi 1 Kg,149.95,149.95,TL
2025-11-29,Migros,Bakliyat,Yayla Tane Tane Pirinç 2 Kg,159.95,79.97,TL
2025-11-29,Migros,Bakliyat,Yayla Koçbaşı Nohut (İri Boy) 1 Kg,134.95,134.95,TL
2025-11-29,Migros,Bakliyat,Filiz Mardin Köftelik İnce Bulgur 800 G,61.95,77.44,TL
2025-11-29,Migros,Bakliyat,M Life Karabuğday (Greçka) 500 G,41.95,83.9,TL
2025-11-29,Migros,Bakliyat,Reis Köftelik Bulgur 1 Kg,49.95,49.95,TL
2025-11-29,Migros,Bakliyat,Reis Başakbaşı Bulgur 1 Kg,49.95,49.95,TL
2025-11-29,Migros,Bakliyat,Tat Baldo Pirinç 2 Kg,264.95,132.47,TL
2025-11-29,Migros,Bakliyat,Tat Dermason Fasulye 1 Kg,74.95,74.95,TL
2025-11-29,Migros,Bakliyat,Hasata Kahramanmaraş Patlayan Mısır 500 G,37.95,75.9,TL
2025-11-29,Migros,Bakliyat,Reis Kuru Fasulye 1 Kg,159.95,159.95,TL
2025-11-29,Migros,Bakliyat,Duru Chia Tohumu 250 G,89.95,359.8,TL
2025-11-29,Migros,Bakliyat,"Reis Gönen Baldo 2,5 Kg",469.95,93.99,TL
2025-11-29,Migros,Bakliyat,Duru Esmer Çiğ Köftelik Bulgur 1 Kg,65.95,65.95,TL
2025-11-29,Migros,Bakliyat,Yayla Aşurelik Buğday 1 Kg,53.95,53.95,TL
2025-11-29,Migros,Bakliyat,Yayla Gurme Sushi Pirinci 500 G,69.95,139.9,TL
2025-11-29,Migros,Bakliyat,Hasata Köftelik Antep Bulguru 1 Kg,64.95,64.95,TL
2025-11-29,Migros,Bakliyat,M Life Bio Organik Pilavlık Bulgur 1 Kg,76.95,76.95,TL
2025-11-29,Migros,Bakliyat,M Life Beyaz Kinoa 500 G,124.95,249.9,TL
2025-11-29,Migros,Bakliyat,Filiz Mardin Pilavlık Bulgur 800 G,61.95,77.44,TL
2025-11-29,Migros,Bakliyat,Migros Osmancık Pirinç 1000 G,70.95,70.95,TL
2025-11-29,Migros,Bakliyat,Duru Köftelik Bulgur 1 Kg,65.95,65.95,TL
2025-11-29,Migros,Bakliyat,Yayla Gurme İç Bakla 500 G,54.96,109.92,TL
2025-11-29,Migros,Bakliyat,Reis Koçbaşı Nohut 1 Kg,189.95,189.95,TL
2025-11-29,Migros,Bakliyat,Duru Başbaşı Bulgur 1 Kg,65.95,65.95,TL
2025-11-29,Migros,Bakliyat,Reis Royal Beyaz Nohut 500 G,204.95,409.9,TL
2025-11-29,Migros,Bakliyat,Reis Yeşil Mercimek 1 Kg,191.95,191.95,TL
2025-11-29,Migros,Bakliyat,Duru Şehriyeli Pilavlık Bulgur 1 Kg,65.95,65.95,TL
2025-11-29,Migros,Bakliyat,Yayla Gurme Keten Tohumu 500 G,54.95,109.9,TL
2025-11-29,Migros,Bakliyat,Reis Dermason Fasulye 1 Kg,189.95,189.95,TL
2025-11-29,Migros,Bakliyat,Reis Royal Siyah Pirinç 500 G,192.95,385.9,TL
2025-11-29,Migros,Bakliyat,Doyum Organik Pilavlık Bulgur 1 Kg,99.95,99.95,TL
2025-11-29,Migros,Bakliyat,Yayla Barbunya 500 G,85.95,171.9,TL
2025-11-29,Migros,Bakliyat,Torku Pilavlık Bulgur 1 Kg,44.95,44.95,TL
2025-11-29,Migros,Bakliyat,Yayla Tane Tane Baldo Pirinç 1 Kg,142.95,142.95,TL
2025-11-29,Migros,Bakliyat,Duru Karabuğday (Greçka) 1 Kg,114.95,114.95,TL
2025-11-29,Migros,Bakliyat,Reis Royal Börülce 500 G,169.95,339.9,TL
2025-11-29,Migros,Bakliyat,Yayla Gurme Kepekli Pirinç 500 G,55.95,111.9,TL
2025-11-29,Migros,Bakliyat,Torku Pilavlık Bulgur 2.5 Kg,124.95,24.99,TL
2025-11-29,Migros,Bakliyat,Tat Koçbaşı Nohut 8.5 Mm 1 Kg,112.95,112.95,TL
2025-11-29,Migros,Bakliyat,Yayla Gurme Basmati Pirinç 500 G,74.95,149.9,TL
2025-11-29,Migros,Bakliyat,Migros Jasmine Pirinç 1 Kg,61.95,61.95,TL
2025-11-29,Migros,Bakliyat,Tat Köftelik Bulgur 1 Kg,50.95,50.95,TL
2025-11-29,Migros,Bakliyat,Yayla Basmati Pirinç 1 Kg,134.95,134.95,TL
2025-11-29,Migros,Bakliyat,Reis Aşurelik Buğday 1 Kg,69.95,69.95,TL
2025-11-29,Migros,Bakliyat,Reis Osmancık Pirinç 1 Kg,185.95,185.95,TL
2025-11-29,Migros,Bakliyat,Doyum Organik Sarı Mercimek 1 Kg,199.95,199.95,TL
2025-11-29,Migros,Bakliyat,Yayla Baldo Pirinç Gönen Bölgesi Mahsulü 2 Kg,284.95,142.47,TL
2025-11-29,Migros,Bakliyat,Reis Royal Basmati Pirinç (Superior) 500 G,189.95,379.9,TL
2025-11-29,Migros,Bakliyat,Si&Ha Keten Tohumu 100 G,42.95,429.5,TL
2025-11-29,Migros,Bakliyat,Yayla Osmancık Bölgesi Mahsulü Yerli Pirinç 1 Kg,121.95,121.95,TL
2025-11-29,Migros,Bakliyat,Migros Yerli Barbunya 500 G,74.95,149.9,TL
2025-11-29,Migros,Bakliyat,Tat Patlayan Mısır 500 G,32.95,65.9,TL
2025-11-29,Migros,Bakliyat,Tat Pilavlık Bulgur 1 Kg,50.95,50.95,TL
2025-11-29,Migros,Bakliyat,Yayla Trakya Baldo Pirinç 2 Kg,274.95,137.47,TL
2025-11-29,Migros,Bakliyat,Anadolu Lezzetleri Diyarbakır Kırmızı Mercimek 1 Kg,99.95,99.95,TL
2025-11-29,Migros,Bakliyat,Yayla Sarı Mercimek 1 Kg,120.95,120.95,TL
2025-11-29,Migros,Bakliyat,Hasata Basmati Pirinç 1 Kg,144.95,144.95,TL
2025-11-29,Migros,Bakliyat,Yayla Baldo Pirinç 1 Kg Gönen Bölgesi Mahsulü,144.95,144.95,TL
2025-11-29,Migros,Bakliyat,Yayla Trakya Baldo Pirinç 2 Kg,274.95,137.47,TL
2025-11-29,Migros,Bakliyat,Hasata Basmati Pirinç 1 Kg,144.95,144.95,TL
2025-11-29,Migros,Bakliyat,Yayla Baldo Pirinç 1 Kg Gönen Bölgesi Mahsulü,144.95,144.95,TL
2025-11-29,Migros,Bakliyat,Hasata Mardin Kırmızı Mercimek 1 Kg,157.95,157.95,TL
2025-11-29,Migros,Bakliyat,Yayla Baldo Pirinç Gönen Bölgesi Mahsulü 2 Kg,284.95,142.47,TL
2025-11-29,Migros,Bakliyat,Reis Royal Basmati Pirinç (Superior) 500 G,189.95,379.9,TL
2025-11-29,Migros,Bakliyat,Si&Ha Keten Tohumu 100 G,42.95,429.5,TL
2025-11-29,Migros,Bakliyat,M Life Bio Organik Dermason Fasulye 1 Kg,169.95,169.95,TL
2025-11-29,Migros,Bakliyat,Yayla Gurme Fit Kırmızı Kinoalı Bulgur 360 G,56.95,158.19,TL
2025-11-29,Migros,Bakliyat,Tat Yasemin Pirinç 1 Kg,109.95,109.95,TL
2025-11-29,Migros,Bakliyat,Reis Royal Barbunya 500 G,224.95,449.9,TL
2025-11-29,Migros,Bakliyat,Yayla Gurme Fit Nohutlu Bulgur 360 G,57.95,160.97,TL
2025-11-29,Migros,Bakliyat,Yayla Gurme Fit Chialı Bulgur 360 G,48.95,135.97,TL
2025-11-29,Migros,Bakliyat,Tat Osmancık Pirinç 2 Kg,219.95,109.97,TL
2025-11-29,Migros,Bakliyat,Reis Royal İç Bakla 500 G,175.95,351.9,TL
2025-11-29,Migros,Bakliyat,Reis Royal Siyah Fasulye 500 G,197.95,395.9,TL
2025-11-29,Migros,Bakliyat,Yayla Tok Tane Pirinç 1 Kg,99.95,99.95,TL
2025-11-29,Migros,Bakliyat,Yayla Gurme Fit Greçkalı Bulgur 360 G,46.95,130.42,TL
2025-11-29,Migros,Bakliyat,Tat Osmancık Pirinç 1 Kg,114.95,114.95,TL
2025-11-29,Migros,Bakliyat,Doyum Baldo Pirinç 1 Kg,132.95,132.95,TL
2025-11-29,Migros,Bakliyat,Reis Royal Jasmine Pirinç (Premium) 500 G,189.95,379.9,TL
2025-11-29,Migros,Bakliyat,Yayla Gurme Fit Biberli Firik Bulgur 360 G,68.95,191.53,TL
2025-11-29,Migros,Bakliyat,Doyum Organik Köftelik Bulgur 1 Kg,99.95,99.95,TL
2025-11-29,Migros,Bakliyat,Ekin Dermason Fasulye 1 Kg,97.95,97.95,TL
2025-11-29,Migros,Bakliyat,Doyum Yerli Pilavlık Pirinç 1 Kg,91.95,91.95,TL
2025-11-29,Migros,Bakliyat,Yayla Gurme Firik Bulgur 500 G,85.95,171.9,TL
2025-11-29,Migros,Bakliyat,Duru Pilavlık Bulgur 2 Kg,129.95,64.97,TL
2025-11-29,Migros,Bakliyat,Reis Royal Beluga Mercimeği 500 G,204.95,409.9,TL
2025-11-29,Migros,Bakliyat,Yayla Gurme Fit Yeşil Mercimek Domates Bulgur 360,52.95,52.95,TL
2025-11-29,Migros,Bakliyat,Doyum Pilavlık Bulgur 1 Kg,54.95,54.95,TL
2025-11-29,Migros,Bakliyat,Doyum Pilavlık Bulgur 1 Kg,54.95,54.95,TL
2025-11-29,Migros,Bakliyat,Reis Royal Karabuğday 500 G,114.95,229.9,TL
2025-11-29,Migros,Bakliyat,Duru Kepekli Köftelik Bulgur 1 Kg,65.95,65.95,TL
2025-11-29,Migros,Bakliyat,Yayla Gurme Jasmine Pirinç 500 G,61.96,123.92,TL
2025-11-29,Migros,Bakliyat,Reis Arborio Risotto Vakumlu Pirinç 500 G,292.95,585.9,TL
2025-11-29,Migros,Bakliyat,Doyum Osmancık Pirinç 1 Kg,99.95,99.95,TL
2025-11-29,Migros,Bakliyat,Reis Royal Chia Tohumu 500 G,339.95,679.9,TL
2025-11-29,Migros,Bakliyat,Reis Royal Amarant 500 G,351.95,703.9,TL
2025-11-29,Migros,Bakliyat,Reis Royal Beyaz Kinoa 500 G,277.95,555.9,TL
2025-11-29,Migros,Bakliyat,Reis Siyez Bulgur 1 Kg,219.95,219.95,TL
2025-11-29,Migros,Bakliyat,Reis Royal Kırmızı Fasulye 500 G,222.95,445.9,TL
2025-11-29,Migros,Bakliyat,Yayla Gurme Siyah Pirinç 500 G,89.95,179.9,TL
2025-11-29,Migros,Bakliyat,Migros Pilavlık İthal Pirinç 2500 G,108.95,43.58,TL
2025-11-29,Migros,Bakliyat,Doyum Organik Yeşil Mercimek 1 Kg,189.95,189.95,TL
2025-11-29,Migros,Bakliyat,Doyum Patlayan Mısır 500 G,33.95,67.9,TL
2025-11-29,Migros,Bakliyat,Hasata Osmancık Pirinç 1 Kg,149.95,149.95,TL
2025-11-29,Migros,Bakliyat,Reis Royal Bombay Fasulye 500 G,194.95,389.9,TL
2025-11-29,Migros,Bakliyat,Reis Royal Battal Fasulye 500 G,337.95,675.9,TL
2025-11-29,Migros,Bakliyat,Tat Midyat Bulgur 1 Kg,50.95,50.95,TL
2025-11-29,Migros,Bakliyat,Duru Esmer Pilavlık Bulgur 1 Kg,65.95,65.95,TL
2025-11-29,Migros,Bakliyat,Anadolu Lezzetleri Mardin Pilavlık Bulgur 1 Kg,59.95,59.95,TL
2025-11-29,Migros,Bakliyat,Yayla Tane Tane Pirinç 1 Kg,115.95,115.95,TL
2025-11-29,Migros,Bakliyat,Doyum Nohut 1 Kg,112.95,112.95,TL
2025-11-29,Migros,Bakliyat,Doyum Organik Nohut 1 Kg,156.95,156.95,TL
2025-11-29,Migros,Bakliyat,Doyum Organik Fasulye 1 Kg,174.95,174.95,TL
2025-11-29,Migros,Bakliyat,Anadolu Lezzetleri Bafra Yerli Pilavlık Pirinç 1 Kg,84.95,84.95,TL
2025-11-29,Migros,Bakliyat,Reis Sarı Mercimek 1 Kg,222.95,222.95,TL
2025-11-29,Migros,Bakliyat,Yayla Gurme Maş Fasulye 500 G,66.95,133.9,TL
2025-11-29,Migros,Bakliyat,Migros Pilavlık İthal Pirinç 1 Kg,47.95,47.95,TL
2025-11-29,Migros,Bakliyat,Doyum Dermason Fasulye 1 Kg,105.95,105.95,TL
2025-11-29,Migros,Bakliyat,Yayla Yerli Pirinç Osmancık Bölgesi Mahsulü 2 Kg,244.95,122.47,TL
2025-11-29,Migros,Bakliyat,Torku Köftelik Bulgur 1 Kg,44.95,44.95,TL
2025-11-29,Migros,Bakliyat,Reis Barbunya 1 Kg,269.95,269.95,TL
2025-11-29,Migros,Bakliyat,M Life Bio Organik Yeşil Mercimek 1 Kg,179.95,179.95,TL
2025-11-29,Migros,Bakliyat,Yayla Gurme Fit Domatesli Bulgur 360 G,52.95,147.08,TL
2025-11-29,Migros,Bakliyat,Hasata Gönen Baldo Pirinç 1 Kg,169.95,169.95,TL
2025-11-29,Migros,Bakliyat,Reis Jasmin Pirinç 1 Kg,236.95,236.95,TL
2025-11-29,Migros,Bakliyat,Yayla Gurme Fit Karışık Sebzeli Bulgur 360 G,52.95,147.08,TL
2025-11-29,Migros,Bakliyat,Reis İç Bakla (Ege) 750 G,162.95,217.27,TL
2025-11-29,Migros,Bakliyat,Doyum Basmati Pirinç 1 Kg,116.95,116.95,TL
2025-11-29,Migros,Bakliyat,M Life Bio Organik Kırmızı Mercimek 1 Kg,154.95,154.95,TL
2025-11-29,Migros,Bakliyat,Doyum Organik Kırmızı Mercimek 1 Kg,172.95,172.95,TL
2025-11-29,Migros,Bakliyat,Reis Royal Şeker Fasulye 500 G,327.95,655.9,TL
2025-11-29,Migros,Bakliyat,Reis Firik Bulgur 1 Kg,209.95,209.95,TL
2025-11-29,Migros,Bakliyat,Duru Kepekli Pilavlık Bulgur 1 Kg,65.95,65.95,TL
2025-11-29,Migros,Bakliyat,Tat Yeşil Mercimek 1 Kg,124.95,124.95,TL
2025-11-29,Migros,Bakliyat,Doyum Kırmızı Mercimek 1 Kg,84.95,84.95,TL
2025-11-29,Migros,Bakliyat,Tat Kırmızı Mercimek 1 Kg,129.95,129.95,TL
2025-11-29,Migros,Bakliyat,"Mg Mutlu Baldo Pirinç 2,5 Kg",269.95,53.99,TL
2025-11-29,Migros,Bakliyat,Reis Royal Keten Tohumu 500 G,125.95,251.9,TL
2025-11-29,Migros,Bakliyat,Reis Royal Maş Fasulye 500 G,134.95,269.9,TL
2025-11-29,Migros,Bakliyat,Yayla Gurme Siyez Bulgur 500 G,124.95,249.9,TL
2025-11-29,Migros,Bakliyat,Reis Basmati Pirinç 1 Kg,251.95,251.95,TL
2025-11-29,Migros,Bakliyat,Doyum Osmancık Pirinç 2 Kg,194.95,97.47,TL
2025-11-29,Migros,Bakliyat,Hasata Osmancık Pirinç 2 Kg,294.95,147.47,TL
2025-11-29,Migros,Bakliyat,"Reis Osmancık Pirinç 2,5 Kg",419.95,83.99,TL
2025-11-29,Migros,Bakliyat,Ml Life Bio Organik Nohut 1 Kg,151.95,151.95,TL
2025-11-29,Migros,Bakliyat,Yayla Uzun Tane Pirinç 2 Kg,169.95,84.97,TL
2025-11-29,Migros,Bakliyat,Doyum Baldo Pirinç 2 Kg,249.95,124.97,TL
2025-11-29,Migros,Bakliyat,Hasata Niğde Kiraz Barbunya 1 Kg,214.95,214.95,TL
2025-11-29,Migros,Bakliyat,Reis Royal Kepekli Pirinç 500 G,169.95,339.9,TL
2025-11-29,Migros,Bakliyat,Yayla Gurme Karabuğday 500 G,49.95,99.9,TL
2025-11-29,Migros,Bakliyat,Yayla Dermason Fasulye 1 Kg,112.95,112.95,TL
2025-11-29,Migros,Bakliyat,Duru Köftelik İnce Bulgur (Çiğköftelik) 1 Kg,65.95,65.95,TL
2025-11-29,Migros,Bakliyat,M Life Maş Fasulyesi 500 G,54.95,109.9,TL
2025-11-29,Migros,Bakliyat,Tat Aşurelik Buğday 1 Kg,49.95,49.95,TL
2025-11-29,Migros,Bakliyat,Yayla Gurme Beluga Mercimek 500 G,75.95,151.9,TL
2025-11-29,Migros,Çay,Çaykur Tiryaki Çayı 1 Kg,295.95,295.95,TL
2025-11-29,Migros,Çay,Migros Bergamot Aromalı Siyah Çay 500 G,97.0,194.0,TL
2025-11-29,Migros,Çay,Efor Tomurcuk Bergamot Aromalı Siyah Çay 100 G,52.95,529.5,TL
2025-11-29,Migros,Çay,Çaykur Tomurcuk Çayı 125 G,75.95,607.6,TL
2025-11-29,Migros,Çay,Çaykur Rize Turist Çay 500 G,150.95,301.9,TL
2025-11-29,Migros,Çay,Çaykur Altınbaş 200 G,79.95,399.75,TL
2025-11-29,Migros,Çay,Efor Çamlıca Siyah Çay 1 Kg,174.5,174.5,TL
2025-11-29,Migros,Çay,Karali Karadeniz Filiz Çayı 1 Kg,199.95,199.95,TL
2025-11-29,Migros,Çay,Beta Taç Yaprak Siyah Çay 1 Kg,219.95,219.95,TL
2025-11-29,Migros,Çay,Migros Tomurcuk Bergamot Aromalı Siyah Çay 100 G,35.0,350.0,TL
2025-11-29,Migros,Çay,Çaykur 42 Nolu Tirebolu Çayı 500 G,199.95,399.9,TL
2025-11-29,Migros,Çay,Efor Rize Siyah Çay 1 Kg,174.5,174.5,TL
2025-11-29,Migros,Çay,Migros Rize Siyah Çay 1 Kg,179.0,179.0,TL
2025-11-29,Migros,Çay,Migros Harman Siyah Çay 1 Kg,175.0,175.0,TL
2025-11-29,Migros,Çay,Doğuş Tiryaki Çay 1 Kg,279.95,279.95,TL
2025-11-29,Migros,Çay,Doğuş Tomurcuk Early Grey Karton Kutu 100 G,62.5,625.0,TL
2025-11-29,Migros,Çay,Çaykur Kamelya Çay 500 G,140.95,281.9,TL
2025-11-29,Migros,Çay,Çaykur Filiz Çay 500 G,149.95,299.9,TL
2025-11-29,Migros,Çay,Migros Filiz Siyah Çay 1 Kg,189.0,189.0,TL
2025-11-29,Migros,Çay,Efor Harman Siyah Çay 500 G,59.5,119.0,TL
2025-11-29,Migros,Çay,Lipton Extra Dem Siyah Çay 500 G,229.95,459.9,TL
2025-11-29,Migros,Çay,Doğuş Filiz Çayı 1 Kg,255.0,255.0,TL
2025-11-29,Migros,Çay,Layaline Siyah Çay 400 G,211.5,528.75,TL
2025-11-29,Migros,Çay,Efor Harman Siyah Çay 1 Kg,174.5,174.5,TL
2025-11-29,Migros,Çay,Çaykur Filiz Çayı 1 Kg,329.95,329.95,TL
2025-11-29,Migros,Çay,Ofçay Tiryaki Dökme Çay 1 Kg,191.5,191.5,TL
2025-11-29,Migros,Çay,Migros Seylan Çayı 400 G,205.5,513.75,TL
2025-11-29,Migros,Çay,Karali Hediyelik Çay 1 Kg,279.95,279.95,TL
2025-11-29,Migros,Çay,Migros Filiz Siyah Çay 500 G,95.0,190.0,TL
2025-11-29,Migros,Çay,Çaykur Rize Turist Çay 1 Kg,299.95,299.95,TL
2025-11-29,Migros,Çay,Ofçay Tiryaki Dökme Çay 1 Kg,191.5,191.5,TL
2025-11-29,Migros,Çay,Migros Seylan Çayı 400 G,205.5,513.75,TL
2025-11-29,Migros,Çay,Bayce Pekoe Opp Ceylon Tea 500 G,510.0,1020.0,TL
2025-11-29,Migros,Çay,Çaykur Nostalji Paketi 4 x 100 G,199.0,497.5,TL
2025-11-29,Migros,Çay,Ahmad Tea English Breakfast Siyah Dökme Çay 200 G,379.95,1899.75,TL
2025-11-29,Migros,Çay,Doğuş Karadeniz Export Çay 500 G,184.95,369.9,TL
2025-11-29,Migros,Çay,Çaykur Çay Çiçeği 200 G,70.95,354.75,TL
2025-11-29,Migros,Çay,Doğuş Rize Çay 1 Kg,234.0,234.0,TL
2025-11-29,Migros,Çay,Lipton Yellow Label Dökme Çay 500 G,214.95,429.9,TL
2025-11-29,Migros,Çay,Efor Bergamotlu Siyah Çay 500 G,124.5,249.0,TL
2025-11-29,Migros,Çay,Ahmad Tea Special Bergamotlu Siyah Dökme Çay 200 G,379.95,1899.75,TL
2025-11-29,Migros,Çay,Ahmad Tea Ceylon Dökme Çay 200 G,379.95,1899.75,TL
2025-11-29,Migros,Çay,Ahmad Tea Ceylon Tea Dökme Çay 400 G,599.95,1499.88,TL
2025-11-29,Migros,Çay,Ahmad Tea Special Blend Dökme Çay 400 G,599.95,1499.88,TL
2025-11-29,Migros,Çay,Lipton Doğu Karadeniz Çayı 500 G,179.95,359.9,TL
2025-11-29,Migros,Çay,Ahmad Tea Earl Grey Dökme Çay 400 G,599.95,1499.88,TL
2025-11-29,Migros,Çay,Bayce Opa Opp Siyah Çay 500 G,510.0,1020.0,TL
2025-11-29,Migros,Çay,Howdah Pure Ceylon Tea 500 G,659.95,1319.9,TL
2025-11-29,Migros,Çay,Efor Filiz Yoğun Dem Siyah Çay 500 G,122.5,245.0,TL
2025-11-29,Migros,Çay,Karali Organik Siyah Çay 500 G,245.0,490.0,TL
2025-11-29,Migros,Çay,Doğuş Karadeniz Çayı 1 Kg,279.95,279.95,TL
2025-11-29,Migros,Çay,Karali Tiryaki Çay 1 Kg,189.95,189.95,TL
2025-11-29,Migros,Çay,Lipton Dökme Çay Earl Grey 500 G,229.95,459.9,TL
2025-11-29,Migros,Çay,Lipton Earl Grey Dökme Çay 1 Kg,419.95,419.95,TL
2025-11-29,Migros,Çay,Lipton Tiryaki Çay 1 Kg,299.95,299.95,TL
2025-11-29,Migros,Çay,Lipton Doğu Karadeniz Çayı 1 Kg,275.0,275.0,TL
2025-11-29,Migros,Çay,Ofçay Arhavi Çay 1 Kg,215.0,215.0,TL
2025-11-29,Migros,Çay,Efor Opa Ceylon Siyah Çay 400 G,295.95,739.87,TL
2025-11-29,Migros,Çay,Lipton Yellow Label Çay 1 Kg,299.0,299.0,TL
2025-11-29,Migros,Çay,Ahmad Tea English Breakfast Dökme Çay 400 G,599.95,1499.88,TL
2025-11-29,Migros,Çay,Efor Opa Ceylon Siyah Çay 400 G,295.95,739.87,TL
2025-11-29,Migros,Çay,Lipton Yellow Label Çay 1 Kg,299.0,299.0,TL
2025-11-29,Migros,Çay,Doğuş Filiz Çayı 500 G,138.95,277.9,TL
